Date,Site ID,POC,Daily Mean PM2.5 Concentration,Units,Daily AQI Value,Local Site Name,Daily Obs Count,Percent Complete,AQS Parameter Code,AQS Parameter Description,Method Code,Method Description,CBSA Code,CBSA Name,Site Latitude,Site Longitude,Dominant Source,Elevation (m),Measurement Scale,Measurement Scale Definition,Monitor Type,Monitoring Agency,Monitoring Objective,NAAQS Primary Monitor?,Networks,Probe Height (m),QA Primary Monitor?
2022-01-02,010030010,1,5.3,Micrograms/cubic meter (LC),29,"FAIRHOPE, Alabama",1,100,88101,PM2.5 - Local Conditions,145,R & P Model 2025 PM-2.5 Sequential Air Sampler w/VSCC - Gravimetric,19300,"Daphne-Fairhope-Foley, AL",30.497478,-87.880258,POINT,37.19,NEIGHBORHOOD,500 M TO 4KM,,Al Dept Of Env Mgt,POPULATION EXPOSURE,,,10,
2022-01-05,010030010,1,8.6,Micrograms/cubic meter (LC),48,"FAIRHOPE, Alabama",1,100,88101,PM2.5 - Local Conditions,145,R & P Model 2025 PM-2.5 Sequential Air Sampler w/VSCC - Gravimetric,19300,"Daphne-Fairhope-Foley, AL",30.497478,-87.880258,POINT,37.19,NEIGHBORHOOD,500 M TO 4KM,,Al Dept Of Env Mgt,POPULATION EXPOSURE,,,10,
2022-01-08,010030010,1,8.5,Micrograms/cubic meter (LC),47,"FAIRHOPE, Alabama",1,100,88101,PM2.5 - Local Conditions,145,R & P Model 2025 PM-2.5 Sequential Air Sampler w/VSCC - Gravimetric,19300,"Daphne-Fairhope-Foley, AL",30.497478,-87.880258,POINT,37.19,NEIGHBORHOOD,500 M TO 4KM,,Al Dept Of Env Mgt,POPULATION EXPOSURE,,,10,
2022-01-11,010030010,1,3.7,Micrograms/cubic meter (LC),21,"FAIRHOPE, Alabama",1,100,88101,PM2.5 - Local Conditions,145,R & P Model 2025 PM-2.5 Sequential Air Sampler w/VSCC - Gravimetric,19300,"Daphne-Fairhope-Foley, AL",30.497478,-87.880258,POINT,37.19,NEIGHBORHOOD,500 M TO 4KM,,Al Dept Of Env Mgt,POPULATION EXPOSURE,,,10,
2022-01-14,010030010,1,11.6,Micrograms/cubic meter (LC),56,"FAIRHOPE, Alabama",1,100,88101,PM2.5 - Local Conditions,145,R & P Model 2025 PM-2.5 Sequential Air Sampler w/VSCC - Gravimetric,19300,"Daphne-Fairhope-Foley, AL",30.497478,-87.880258,POINT,37.19,NEIGHBORHOOD,500 M TO 4KM,,Al Dept Of Env Mgt,POPULATION EXPOSURE,,,10,
2022-01-17,010030010,1,5.5,Micrograms/cubic meter (LC),31,"FAIRHOPE, Alabama",1,100,88101,PM2.5 - Local Conditions,145,R & P Model 2025 PM-2.5 Sequential Air Sampler w/VSCC - Gravimetric,19300,"Daphne-Fairhope-Foley, AL",30.497478,-87.880258,POINT,37.19,NEIGHBORHOOD,500 M TO 4KM,,Al Dept Of Env Mgt,POPULATION EXPOSURE,,,10,
2022-01-20,010030010,1,2.6,Micrograms/cubic meter (LC),14,"FAIRHOPE, Alabama",1,100,88101,PM2.5 - Local Conditions,145,R & P Model 2025 PM-2.5 Sequential Air Sampler w/VSCC - Gravimetric,19300,"Daphne-Fairhope-Foley, AL",30.497478,-87.880258,POINT,37.19,NEIGHBORHOOD,500 M TO 4KM,,Al Dept Of Env Mgt,POPULATION EXPOSURE,,,10,
2022-01-23,010030010,1,7.1,Micrograms/cubic meter (LC),39,"FAIRHOPE, Alabama",1,100,88101,PM2.5 - Local Conditions,145,R & P Model 2025 PM-2.5 Sequential Air Sampler w/VSCC - Gravimetric,19300,"Daphne-Fairhope-Foley, AL",30.497478,-87.880258,POINT,37.19,NEIGHBORHOOD,500 M TO 4KM,,Al Dept Of Env Mgt,POPULATION EXPOSURE,,,10,
2022-01-26,010030010,1,5.7,Micrograms/cubic meter (LC),32,"FAIRHOPE, Alabama",1,100,88101,PM2.5 - Local Conditions,145,R & P Model 2025 PM-2.5 Sequential Air Sampler w/VSCC - Gravimetric,19300,"Daphne-Fairhope-Foley, AL",30.497478,-87.880258,POINT,37.19,NEIGHBORHOOD,500 M TO 4KM,,Al Dept Of Env Mgt,POPULATION EXPOSURE,,,10,
2022-01-29,010030010,1,4.4,Micrograms/cubic meter (LC),24,"FAIRHOPE, Alabama",1,100,88101,PM2.5 - Local Conditions,145,R & P Model 2025 PM-2.5 Sequential Air Sampler w/VSCC - Gravimetric,19300,"Daphne-Fairhope-Foley, AL",30.497478,-87.880258,POINT,37.19,NEIGHBORHOOD,500 M TO 4KM,,Al Dept Of Env Mgt,POPULATION EXPOSURE,,,10,
2022-02-04,010030010,1,3,Micrograms/cubic meter (LC),17,"FAIRHOPE, Alabama",1,100,88101,PM2.5 - Local Conditions,145,R & P Model 2025 PM-2.5 Sequential Air Sampler w/VSCC - Gravimetric,19300,"Daphne-Fairhope-Foley, AL",30.497478,-87.880258,POINT,37.19,NEIGHBORHOOD,500 M TO 4KM,,Al Dept Of Env Mgt,POPULATION EXPOSURE,,,10,
2022-02-07,010030010,1,9.8,Micrograms/cubic meter (LC),52,"FAIRHOPE, Alabama",1,100,88101,PM2.5 - Local Conditions,145,R & P Model 2025 PM-2.5 Sequential Air Sampler w/VSCC - Gravimetric,19300,"Daphne-Fairhope-Foley, AL",30.497478,-87.880258,POINT,37.19,NEIGHBORHOOD,500 M TO 4KM,,Al Dept Of Env Mgt,POPULATION EXPOSURE,,,10,
2022-02-10,010030010,1,10.8,Micrograms/cubic meter (LC),54,"FAIRHOPE, Alabama",1,100,88101,PM2.5 - Local Conditions,145,R & P Model 2025 PM-2.5 Sequential Air Sampler w/VSCC - Gravimetric,19300,"Daphne-Fairhope-Foley, AL",30.497478,-87.880258,POINT,37.19,NEIGHBORHOOD,500 M TO 4KM,,Al Dept Of Env Mgt,POPULATION EXPOSURE,,,10,
2022-02-13,010030010,1,5.6,Micrograms/cubic meter (LC),31,"FAIRHOPE, Alabama",1,100,88101,PM2.5 - Local Conditions,145,R & P Model 2025 PM-2.5 Sequential Air Sampler w/VSCC - Gravimetric,19300,"Daphne-Fairhope-Foley, AL",30.497478,-87.880258,POINT,37.19,NEIGHBORHOOD,500 M TO 4KM,,Al Dept Of Env Mgt,POPULATION EXPOSURE,,,10,
2022-02-16,010030010,1,9.3,Micrograms/cubic meter (LC),51,"FAIRHOPE, Alabama",1,100,88101,PM2.5 - Local Conditions,145,R & P Model 2025 PM-2.5 Sequential Air Sampler w/VSCC - Gravimetric,19300,"Daphne-Fairhope-Foley, AL",30.497478,-87.880258,POINT,37.19,NEIGHBORHOOD,500 M TO 4KM,,Al Dept Of Env Mgt,POPULATION EXPOSURE,,,10,
2022-02-19,010030010,1,6.2,Micrograms/cubic meter (LC),34,"FAIRHOPE, Alabama",1,100,88101,PM2.5 - Local Conditions,145,R & P Model 2025 PM-2.5 Sequential Air Sampler w/VSCC - Gravimetric,19300,"Daphne-Fairhope-Foley, AL",30.497478,-87.880258,POINT,37.19,NEIGHBORHOOD,500 M TO 4KM,,Al Dept Of Env Mgt,POPULATION EXPOSURE,,,10,
2022-02-22,010030010,1,7.7,Micrograms/cubic meter (LC),43,"FAIRHOPE, Alabama",1,100,88101,PM2.5 - Local Conditions,145,R & P Model 2025 PM-2.5 Sequential Air Sampler w/VSCC - Gravimetric,19300,"Daphne-Fairhope-Foley, AL",30.497478,-87.880258,POINT,37.19,NEIGHBORHOOD,500 M TO 4KM,,Al Dept Of Env Mgt,POPULATION EXPOSURE,,,10,
2022-02-25,010030010,1,3.3,Micrograms/cubic meter (LC),18,"FAIRHOPE, Alabama",1,100,88101,PM2.5 - Local Conditions,145,R & P Model 2025 PM-2.5 Sequential Air Sampler w/VSCC - Gravimetric,19300,"Daphne-Fairhope-Foley, AL",30.497478,-87.880258,POINT,37.19,NEIGHBORHOOD,500 M TO 4KM,,Al Dept Of Env Mgt,POPULATION EXPOSURE,,,10,
2022-02-28,010030010,1,5.6,Micrograms/cubic meter (LC),31,"FAIRHOPE, Alabama",1,100,88101,PM2.5 - Local Conditions,145,R & P Model 2025 PM-2.5 Sequential Air Sampler w/VSCC - Gravimetric,19300,"Daphne-Fairhope-Foley, AL",30.497478,-87.880258,POINT,37.19,NEIGHBORHOOD,500 M TO 4KM,,Al Dept Of Env Mgt,POPULATION EXPOSURE,,,10,
2022-03-03,010030010,1,13.3,Micrograms/cubic meter (LC),59,"FAIRHOPE, Alabama",1,100,88101,PM2.5 - Local Conditions,145,R & P Model 2025 PM-2.5 Sequential Air Sampler w/VSCC - Gravimetric,19300,"Daphne-Fairhope-Foley, AL",30.497478,-87.880258,POINT,37.19,NEIGHBORHOOD,500 M TO 4KM,,Al Dept Of Env Mgt,POPULATION EXPOSURE,,,10,
2022-03-06,010030010,1,7.3,Micrograms/cubic meter (LC),41,"FAIRHOPE, Alabama",1,100,88101,PM2.5 - Local Conditions,145,R & P Model 2025 PM-2.5 Sequential Air Sampler w/VSCC - Gravimetric,19300,"Daphne-Fairhope-Foley, AL",30.497478,-87.880258,POINT,37.19,NEIGHBORHOOD,500 M TO 4KM,,Al Dept Of Env Mgt,POPULATION EXPOSURE,,,10,
2022-03-09,010030010,1,3.4,Micrograms/cubic meter (LC),19,"FAIRHOPE, Alabama",1,100,88101,PM2.5 - Local Conditions,145,R & P Model 2025 PM-2.5 Sequential Air Sampler w/VSCC - Gravimetric,19300,"Daphne-Fairhope-Foley, AL",30.497478,-87.880258,POINT,37.19,NEIGHBORHOOD,500 M TO 4KM,,Al Dept Of Env Mgt,POPULATION EXPOSURE,,,10,
2022-03-15,010030010,1,4.6,Micrograms/cubic meter (LC),26,"FAIRHOPE, Alabama",1,100,88101,PM2.5 - Local Conditions,145,R & P Model 2025 PM-2.5 Sequential Air Sampler w/VSCC - Gravimetric,19300,"Daphne-Fairhope-Foley, AL",30.497478,-87.880258,POINT,37.19,NEIGHBORHOOD,500 M TO 4KM,,Al Dept Of Env Mgt,POPULATION EXPOSURE,,,10,
2022-03-18,010030010,1,8.3,Micrograms/cubic meter (LC),46,"FAIRHOPE, Alabama",1,100,88101,PM2.5 - Local Conditions,145,R & P Model 2025 PM-2.5 Sequential Air Sampler w/VSCC - Gravimetric,19300,"Daphne-Fairhope-Foley, AL",30.497478,-87.880258,POINT,37.19,NEIGHBORHOOD,500 M TO 4KM,,Al Dept Of Env Mgt,POPULATION EXPOSURE,,,10,
2022-03-21,010030010,1,4.7,Micrograms/cubic meter (LC),26,"FAIRHOPE, Alabama",1,100,88101,PM2.5 - Local Conditions,145,R & P Model 2025 PM-2.5 Sequential Air Sampler w/VSCC - Gravimetric,19300,"Daphne-Fairhope-Foley, AL",30.497478,-87.880258,POINT,37.19,NEIGHBORHOOD,500 M TO 4KM,,Al Dept Of Env Mgt,POPULATION EXPOSURE,,,10,
2022-03-24,010030010,1,4,Micrograms/cubic meter (LC),22,"FAIRHOPE, Alabama",1,100,88101,PM2.5 - Local Conditions,145,R & P Model 2025 PM-2.5 Sequential Air Sampler w/VSCC - Gravimetric,19300,"Daphne-Fairhope-Foley, AL",30.497478,-87.880258,POINT,37.19,NEIGHBORHOOD,500 M TO 4KM,,Al Dept Of Env Mgt,POPULATION EXPOSURE,,,10,
2022-03-27,010030010,1,8.5,Micrograms/cubic meter (LC),47,"FAIRHOPE, Alabama",1,100,88101,PM2.5 - Local Conditions,145,R & P Model 2025 PM-2.5 Sequential Air Sampler w/VSCC - Gravimetric,19300,"Daphne-Fairhope-Foley, AL",30.497478,-87.880258,POINT,37.19,NEIGHBORHOOD,500 M TO 4KM,,Al Dept Of Env Mgt,POPULATION EXPOSURE,,,10,
2022-03-30,010030010,1,12.2,Micrograms/cubic meter (LC),57,"FAIRHOPE, Alabama",1,100,88101,PM2.5 - Local Conditions,145,R & P Model 2025 PM-2.5 Sequential Air Sampler w/VSCC - Gravimetric,19300,"Daphne-Fairhope-Foley, AL",30.497478,-87.880258,POINT,37.19,NEIGHBORHOOD,500 M TO 4KM,,Al Dept Of Env Mgt,POPULATION EXPOSURE,,,10,
2022-04-02,010030010,1,8.2,Micrograms/cubic meter (LC),46,"FAIRHOPE, Alabama",1,100,88101,PM2.5 - Local Conditions,145,R & P Model 2025 PM-2.5 Sequential Air Sampler w/VSCC - Gravimetric,19300,"Daphne-Fairhope-Foley, AL",30.497478,-87.880258,POINT,37.19,NEIGHBORHOOD,500 M TO 4KM,,Al Dept Of Env Mgt,POPULATION EXPOSURE,,,10,
2022-04-05,010030010,1,6,Micrograms/cubic meter (LC),33,"FAIRHOPE, Alabama",1,100,88101,PM2.5 - Local Conditions,145,R & P Model 2025 PM-2.5 Sequential Air Sampler w/VSCC - Gravimetric,19300,"Daphne-Fairhope-Foley, AL",30.497478,-87.880258,POINT,37.19,NEIGHBORHOOD,500 M TO 4KM,,Al Dept Of Env Mgt,POPULATION EXPOSURE,,,10,
2022-04-08,010030010,1,8.5,Micrograms/cubic meter (LC),47,"FAIRHOPE, Alabama",1,100,88101,PM2.5 - Local Conditions,145,R & P Model 2025 PM-2.5 Sequential Air Sampler w/VSCC - Gravimetric,19300,"Daphne-Fairhope-Foley, AL",30.497478,-87.880258,POINT,37.19,NEIGHBORHOOD,500 M TO 4KM,,Al Dept Of Env Mgt,POPULATION EXPOSURE,,,10,
2022-04-11,010030010,1,5.4,Micrograms/cubic meter (LC),30,"FAIRHOPE, Alabama",1,100,88101,PM2.5 - Local Conditions,145,R & P Model 2025 PM-2.5 Sequential Air Sampler w/VSCC - Gravimetric,19300,"Daphne-Fairhope-Foley, AL",30.497478,-87.880258,POINT,37.19,NEIGHBORHOOD,500 M TO 4KM,,Al Dept Of Env Mgt,POPULATION EXPOSURE,,,10,
2022-04-14,010030010,1,4.8,Micrograms/cubic meter (LC),27,"FAIRHOPE, Alabama",1,100,88101,PM2.5 - Local Conditions,145,R & P Model 2025 PM-2.5 Sequential Air Sampler w/VSCC - Gravimetric,19300,"Daphne-Fairhope-Foley, AL",30.497478,-87.880258,POINT,37.19,NEIGHBORHOOD,500 M TO 4KM,,Al Dept Of Env Mgt,POPULATION EXPOSURE,,,10,
2022-04-17,010030010,1,5.7,Micrograms/cubic meter (LC),32,"FAIRHOPE, Alabama",1,100,88101,PM2.5 - Local Conditions,145,R & P Model 2025 PM-2.5 Sequential Air Sampler w/VSCC - Gravimetric,19300,"Daphne-Fairhope-Foley, AL",30.497478,-87.880258,POINT,37.19,NEIGHBORHOOD,500 M TO 4KM,,Al Dept Of Env Mgt,POPULATION EXPOSURE,,,10,
2022-04-20,010030010,1,6.8,Micrograms/cubic meter (LC),38,"FAIRHOPE, Alabama",1,100,88101,PM2.5 - Local Conditions,145,R & P Model 2025 PM-2.5 Sequential Air Sampler w/VSCC - Gravimetric,19300,"Daphne-Fairhope-Foley, AL",30.497478,-87.880258,POINT,37.19,NEIGHBORHOOD,500 M TO 4KM,,Al Dept Of Env Mgt,POPULATION EXPOSURE,,,10,
2022-04-23,010030010,1,8.1,Micrograms/cubic meter (LC),45,"FAIRHOPE, Alabama",1,100,88101,PM2.5 - Local Conditions,145,R & P Model 2025 PM-2.5 Sequential Air Sampler w/VSCC - Gravimetric,19300,"Daphne-Fairhope-Foley, AL",30.497478,-87.880258,POINT,37.19,NEIGHBORHOOD,500 M TO 4KM,,Al Dept Of Env Mgt,POPULATION EXPOSURE,,,10,
2022-04-26,010030010,1,7.3,Micrograms/cubic meter (LC),41,"FAIRHOPE, Alabama",1,100,88101,PM2.5 - Local Conditions,145,R & P Model 2025 PM-2.5 Sequential Air Sampler w/VSCC - Gravimetric,19300,"Daphne-Fairhope-Foley, AL",30.497478,-87.880258,POINT,37.19,NEIGHBORHOOD,500 M TO 4KM,,Al Dept Of Env Mgt,POPULATION EXPOSURE,,,10,
2022-04-29,010030010,1,7.5,Micrograms/cubic meter (LC),42,"FAIRHOPE, Alabama",1,100,88101,PM2.5 - Local Conditions,145,R & P Model 2025 PM-2.5 Sequential Air Sampler w/VSCC - Gravimetric,19300,"Daphne-Fairhope-Foley, AL",30.497478,-87.880258,POINT,37.19,NEIGHBORHOOD,500 M TO 4KM,,Al Dept Of Env Mgt,POPULATION EXPOSURE,,,10,
2022-05-02,010030010,1,5.4,Micrograms/cubic meter (LC),30,"FAIRHOPE, Alabama",1,100,88101,PM2.5 - Local Conditions,145,R & P Model 2025 PM-2.5 Sequential Air Sampler w/VSCC - Gravimetric,19300,"Daphne-Fairhope-Foley, AL",30.497478,-87.880258,POINT,37.19,NEIGHBORHOOD,500 M TO 4KM,,Al Dept Of Env Mgt,POPULATION EXPOSURE,,,10,
2022-05-08,010030010,1,7.2,Micrograms/cubic meter (LC),40,"FAIRHOPE, Alabama",1,100,88101,PM2.5 - Local Conditions,145,R & P Model 2025 PM-2.5 Sequential Air Sampler w/VSCC - Gravimetric,19300,"Daphne-Fairhope-Foley, AL",30.497478,-87.880258,POINT,37.19,NEIGHBORHOOD,500 M TO 4KM,,Al Dept Of Env Mgt,POPULATION EXPOSURE,,,10,
2022-05-11,010030010,1,10.3,Micrograms/cubic meter (LC),53,"FAIRHOPE, Alabama",1,100,88101,PM2.5 - Local Conditions,145,R & P Model 2025 PM-2.5 Sequential Air Sampler w/VSCC - Gravimetric,19300,"Daphne-Fairhope-Foley, AL",30.497478,-87.880258,POINT,37.19,NEIGHBORHOOD,500 M TO 4KM,,Al Dept Of Env Mgt,POPULATION EXPOSURE,,,10,
2022-05-14,010030010,1,8.6,Micrograms/cubic meter (LC),48,"FAIRHOPE, Alabama",1,100,88101,PM2.5 - Local Conditions,145,R & P Model 2025 PM-2.5 Sequential Air Sampler w/VSCC - Gravimetric,19300,"Daphne-Fairhope-Foley, AL",30.497478,-87.880258,POINT,37.19,NEIGHBORHOOD,500 M TO 4KM,,Al Dept Of Env Mgt,POPULATION EXPOSURE,,,10,
2022-05-17,010030010,1,12.3,Micrograms/cubic meter (LC),57,"FAIRHOPE, Alabama",1,100,88101,PM2.5 - Local Conditions,145,R & P Model 2025 PM-2.5 Sequential Air Sampler w/VSCC - Gravimetric,19300,"Daphne-Fairhope-Foley, AL",30.497478,-87.880258,POINT,37.19,NEIGHBORHOOD,500 M TO 4KM,,Al Dept Of Env Mgt,POPULATION EXPOSURE,,,10,
2022-05-20,010030010,1,7.2,Micrograms/cubic meter (LC),40,"FAIRHOPE, Alabama",1,100,88101,PM2.5 - Local Conditions,145,R & P Model 2025 PM-2.5 Sequential Air Sampler w/VSCC - Gravimetric,19300,"Daphne-Fairhope-Foley, AL",30.497478,-87.880258,POINT,37.19,NEIGHBORHOOD,500 M TO 4KM,,Al Dept Of Env Mgt,POPULATION EXPOSURE,,,10,
2022-05-23,010030010,1,14.5,Micrograms/cubic meter (LC),61,"FAIRHOPE, Alabama",1,100,88101,PM2.5 - Local Conditions,145,R & P Model 2025 PM-2.5 Sequential Air Sampler w/VSCC - Gravimetric,19300,"Daphne-Fairhope-Foley, AL",30.497478,-87.880258,POINT,37.19,NEIGHBORHOOD,500 M TO 4KM,,Al Dept Of Env Mgt,POPULATION EXPOSURE,,,10,
2022-05-26,010030010,1,4.1,Micrograms/cubic meter (LC),23,"FAIRHOPE, Alabama",1,100,88101,PM2.5 - Local Conditions,145,R & P Model 2025 PM-2.5 Sequential Air Sampler w/VSCC - Gravimetric,19300,"Daphne-Fairhope-Foley, AL",30.497478,-87.880258,POINT,37.19,NEIGHBORHOOD,500 M TO 4KM,,Al Dept Of Env Mgt,POPULATION EXPOSURE,,,10,
2022-05-29,010030010,1,7.5,Micrograms/cubic meter (LC),42,"FAIRHOPE, Alabama",1,100,88101,PM2.5 - Local Conditions,145,R & P Model 2025 PM-2.5 Sequential Air Sampler w/VSCC - Gravimetric,19300,"Daphne-Fairhope-Foley, AL",30.497478,-87.880258,POINT,37.19,NEIGHBORHOOD,500 M TO 4KM,,Al Dept Of Env Mgt,POPULATION EXPOSURE,,,10,
2022-06-01,010030010,1,6.1,Micrograms/cubic meter (LC),34,"FAIRHOPE, Alabama",1,100,88101,PM2.5 - Local Conditions,145,R & P Model 2025 PM-2.5 Sequential Air Sampler w/VSCC - Gravimetric,19300,"Daphne-Fairhope-Foley, AL",30.497478,-87.880258,POINT,37.19,NEIGHBORHOOD,500 M TO 4KM,,Al Dept Of Env Mgt,POPULATION EXPOSURE,,,10,
2022-06-04,010030010,1,7.9,Micrograms/cubic meter (LC),44,"FAIRHOPE, Alabama",1,100,88101,PM2.5 - Local Conditions,145,R & P Model 2025 PM-2.5 Sequential Air Sampler w/VSCC - Gravimetric,19300,"Daphne-Fairhope-Foley, AL",30.497478,-87.880258,POINT,37.19,NEIGHBORHOOD,500 M TO 4KM,,Al Dept Of Env Mgt,POPULATION EXPOSURE,,,10,
2022-06-07,010030010,1,6.6,Micrograms/cubic meter (LC),37,"FAIRHOPE, Alabama",1,100,88101,PM2.5 - Local Conditions,145,R & P Model 2025 PM-2.5 Sequential Air Sampler w/VSCC - Gravimetric,19300,"Daphne-Fairhope-Foley, AL",30.497478,-87.880258,POINT,37.19,NEIGHBORHOOD,500 M TO 4KM,,Al Dept Of Env Mgt,POPULATION EXPOSURE,,,10,
2022-06-10,010030010,1,6.5,Micrograms/cubic meter (LC),36,"FAIRHOPE, Alabama",1,100,88101,PM2.5 - Local Conditions,145,R & P Model 2025 PM-2.5 Sequential Air Sampler w/VSCC - Gravimetric,19300,"Daphne-Fairhope-Foley, AL",30.497478,-87.880258,POINT,37.19,NEIGHBORHOOD,500 M TO 4KM,,Al Dept Of Env Mgt,POPULATION EXPOSURE,,,10,
2022-06-13,010030010,1,33.6,Micrograms/cubic meter (LC),97,"FAIRHOPE, Alabama",1,100,88101,PM2.5 - Local Conditions,145,R & P Model 2025 PM-2.5 Sequential Air Sampler w/VSCC - Gravimetric,19300,"Daphne-Fairhope-Foley, AL",30.497478,-87.880258,POINT,37.19,NEIGHBORHOOD,500 M TO 4KM,,Al Dept Of Env Mgt,POPULATION EXPOSURE,,,10,
2022-06-16,010030010,1,15.7,Micrograms/cubic meter (LC),63,"FAIRHOPE, Alabama",1,100,88101,PM2.5 - Local Conditions,145,R & P Model 2025 PM-2.5 Sequential Air Sampler w/VSCC - Gravimetric,19300,"Daphne-Fairhope-Foley, AL",30.497478,-87.880258,POINT,37.19,NEIGHBORHOOD,500 M TO 4KM,,Al Dept Of Env Mgt,POPULATION EXPOSURE,,,10,
2022-06-19,010030010,1,9.6,Micrograms/cubic meter (LC),52,"FAIRHOPE, Alabama",1,100,88101,PM2.5 - Local Conditions,145,R & P Model 2025 PM-2.5 Sequential Air Sampler w/VSCC - Gravimetric,19300,"Daphne-Fairhope-Foley, AL",30.497478,-87.880258,POINT,37.19,NEIGHBORHOOD,500 M TO 4KM,,Al Dept Of Env Mgt,POPULATION EXPOSURE,,,10,
2022-06-22,010030010,1,10.4,Micrograms/cubic meter (LC),53,"FAIRHOPE, Alabama",1,100,88101,PM2.5 - Local Conditions,145,R & P Model 2025 PM-2.5 Sequential Air Sampler w/VSCC - Gravimetric,19300,"Daphne-Fairhope-Foley, AL",30.497478,-87.880258,POINT,37.19,NEIGHBORHOOD,500 M TO 4KM,,Al Dept Of Env Mgt,POPULATION EXPOSURE,,,10,
2022-06-25,010030010,1,12.5,Micrograms/cubic meter (LC),57,"FAIRHOPE, Alabama",1,100,88101,PM2.5 - Local Conditions,145,R & P Model 2025 PM-2.5 Sequential Air Sampler w/VSCC - Gravimetric,19300,"Daphne-Fairhope-Foley, AL",30.497478,-87.880258,POINT,37.19,NEIGHBORHOOD,500 M TO 4KM,,Al Dept Of Env Mgt,POPULATION EXPOSURE,,,10,
2022-06-28,010030010,1,8,Micrograms/cubic meter (LC),44,"FAIRHOPE, Alabama",1,100,88101,PM2.5 - Local Conditions,145,R & P Model 2025 PM-2.5 Sequential Air Sampler w/VSCC - Gravimetric,19300,"Daphne-Fairhope-Foley, AL",30.497478,-87.880258,POINT,37.19,NEIGHBORHOOD,500 M TO 4KM,,Al Dept Of Env Mgt,POPULATION EXPOSURE,,,10,
2022-07-01,010030010,1,3.3,Micrograms/cubic meter (LC),18,"FAIRHOPE, Alabama",1,100,88101,PM2.5 - Local Conditions,145,R & P Model 2025 PM-2.5 Sequential Air Sampler w/VSCC - Gravimetric,19300,"Daphne-Fairhope-Foley, AL",30.497478,-87.880258,POINT,37.19,NEIGHBORHOOD,500 M TO 4KM,,Al Dept Of Env Mgt,POPULATION EXPOSURE,,,10,
2022-07-04,010030010,1,7.9,Micrograms/cubic meter (LC),44,"FAIRHOPE, Alabama",1,100,88101,PM2.5 - Local Conditions,145,R & P Model 2025 PM-2.5 Sequential Air Sampler w/VSCC - Gravimetric,19300,"Daphne-Fairhope-Foley, AL",30.497478,-87.880258,POINT,37.19,NEIGHBORHOOD,500 M TO 4KM,,Al Dept Of Env Mgt,POPULATION EXPOSURE,,,10,
2022-07-07,010030010,1,3.2,Micrograms/cubic meter (LC),18,"FAIRHOPE, Alabama",1,100,88101,PM2.5 - Local Conditions,145,R & P Model 2025 PM-2.5 Sequential Air Sampler w/VSCC - Gravimetric,19300,"Daphne-Fairhope-Foley, AL",30.497478,-87.880258,POINT,37.19,NEIGHBORHOOD,500 M TO 4KM,,Al Dept Of Env Mgt,POPULATION EXPOSURE,,,10,
2022-07-10,010030010,1,4.4,Micrograms/cubic meter (LC),24,"FAIRHOPE, Alabama",1,100,88101,PM2.5 - Local Conditions,145,R & P Model 2025 PM-2.5 Sequential Air Sampler w/VSCC - Gravimetric,19300,"Daphne-Fairhope-Foley, AL",30.497478,-87.880258,POINT,37.19,NEIGHBORHOOD,500 M TO 4KM,,Al Dept Of Env Mgt,POPULATION EXPOSURE,,,10,
2022-07-13,010030010,1,2.9,Micrograms/cubic meter (LC),16,"FAIRHOPE, Alabama",1,100,88101,PM2.5 - Local Conditions,145,R & P Model 2025 PM-2.5 Sequential Air Sampler w/VSCC - Gravimetric,19300,"Daphne-Fairhope-Foley, AL",30.497478,-87.880258,POINT,37.19,NEIGHBORHOOD,500 M TO 4KM,,Al Dept Of Env Mgt,POPULATION EXPOSURE,,,10,
2022-07-16,010030010,1,4.4,Micrograms/cubic meter (LC),24,"FAIRHOPE, Alabama",1,100,88101,PM2.5 - Local Conditions,145,R & P Model 2025 PM-2.5 Sequential Air Sampler w/VSCC - Gravimetric,19300,"Daphne-Fairhope-Foley, AL",30.497478,-87.880258,POINT,37.19,NEIGHBORHOOD,500 M TO 4KM,,Al Dept Of Env Mgt,POPULATION EXPOSURE,,,10,
2022-07-19,010030010,1,5.6,Micrograms/cubic meter (LC),31,"FAIRHOPE, Alabama",1,100,88101,PM2.5 - Local Conditions,145,R & P Model 2025 PM-2.5 Sequential Air Sampler w/VSCC - Gravimetric,19300,"Daphne-Fairhope-Foley, AL",30.497478,-87.880258,POINT,37.19,NEIGHBORHOOD,500 M TO 4KM,,Al Dept Of Env Mgt,POPULATION EXPOSURE,,,10,
2022-07-22,010030010,1,5.1,Micrograms/cubic meter (LC),28,"FAIRHOPE, Alabama",1,100,88101,PM2.5 - Local Conditions,145,R & P Model 2025 PM-2.5 Sequential Air Sampler w/VSCC - Gravimetric,19300,"Daphne-Fairhope-Foley, AL",30.497478,-87.880258,POINT,37.19,NEIGHBORHOOD,500 M TO 4KM,,Al Dept Of Env Mgt,POPULATION EXPOSURE,,,10,
2022-07-25,010030010,1,5.6,Micrograms/cubic meter (LC),31,"FAIRHOPE, Alabama",1,100,88101,PM2.5 - Local Conditions,145,R & P Model 2025 PM-2.5 Sequential Air Sampler w/VSCC - Gravimetric,19300,"Daphne-Fairhope-Foley, AL",30.497478,-87.880258,POINT,37.19,NEIGHBORHOOD,500 M TO 4KM,,Al Dept Of Env Mgt,POPULATION EXPOSURE,,,10,
2022-07-28,010030010,1,3.7,Micrograms/cubic meter (LC),21,"FAIRHOPE, Alabama",1,100,88101,PM2.5 - Local Conditions,145,R & P Model 2025 PM-2.5 Sequential Air Sampler w/VSCC - Gravimetric,19300,"Daphne-Fairhope-Foley, AL",30.497478,-87.880258,POINT,37.19,NEIGHBORHOOD,500 M TO 4KM,,Al Dept Of Env Mgt,POPULATION EXPOSURE,,,10,
2022-07-31,010030010,1,9.4,Micrograms/cubic meter (LC),52,"FAIRHOPE, Alabama",1,100,88101,PM2.5 - Local Conditions,145,R & P Model 2025 PM-2.5 Sequential Air Sampler w/VSCC - Gravimetric,19300,"Daphne-Fairhope-Foley, AL",30.497478,-87.880258,POINT,37.19,NEIGHBORHOOD,500 M TO 4KM,,Al Dept Of Env Mgt,POPULATION EXPOSURE,,,10,
2022-08-03,010030010,1,2.8,Micrograms/cubic meter (LC),16,"FAIRHOPE, Alabama",1,100,88101,PM2.5 - Local Conditions,145,R & P Model 2025 PM-2.5 Sequential Air Sampler w/VSCC - Gravimetric,19300,"Daphne-Fairhope-Foley, AL",30.497478,-87.880258,POINT,37.19,NEIGHBORHOOD,500 M TO 4KM,,Al Dept Of Env Mgt,POPULATION EXPOSURE,,,10,
2022-08-06,010030010,1,7.1,Micrograms/cubic meter (LC),39,"FAIRHOPE, Alabama",1,100,88101,PM2.5 - Local Conditions,145,R & P Model 2025 PM-2.5 Sequential Air Sampler w/VSCC - Gravimetric,19300,"Daphne-Fairhope-Foley, AL",30.497478,-87.880258,POINT,37.19,NEIGHBORHOOD,500 M TO 4KM,,Al Dept Of Env Mgt,POPULATION EXPOSURE,,,10,
2022-08-09,010030010,1,4.1,Micrograms/cubic meter (LC),23,"FAIRHOPE, Alabama",1,100,88101,PM2.5 - Local Conditions,145,R & P Model 2025 PM-2.5 Sequential Air Sampler w/VSCC - Gravimetric,19300,"Daphne-Fairhope-Foley, AL",30.497478,-87.880258,POINT,37.19,NEIGHBORHOOD,500 M TO 4KM,,Al Dept Of Env Mgt,POPULATION EXPOSURE,,,10,
2022-08-12,010030010,1,4.9,Micrograms/cubic meter (LC),27,"FAIRHOPE, Alabama",1,100,88101,PM2.5 - Local Conditions,145,R & P Model 2025 PM-2.5 Sequential Air Sampler w/VSCC - Gravimetric,19300,"Daphne-Fairhope-Foley, AL",30.497478,-87.880258,POINT,37.19,NEIGHBORHOOD,500 M TO 4KM,,Al Dept Of Env Mgt,POPULATION EXPOSURE,,,10,
2022-08-15,010030010,1,12,Micrograms/cubic meter (LC),56,"FAIRHOPE, Alabama",1,100,88101,PM2.5 - Local Conditions,145,R & P Model 2025 PM-2.5 Sequential Air Sampler w/VSCC - Gravimetric,19300,"Daphne-Fairhope-Foley, AL",30.497478,-87.880258,POINT,37.19,NEIGHBORHOOD,500 M TO 4KM,,Al Dept Of Env Mgt,POPULATION EXPOSURE,,,10,
2022-08-18,010030010,1,4.6,Micrograms/cubic meter (LC),26,"FAIRHOPE, Alabama",1,100,88101,PM2.5 - Local Conditions,145,R & P Model 2025 PM-2.5 Sequential Air Sampler w/VSCC - Gravimetric,19300,"Daphne-Fairhope-Foley, AL",30.497478,-87.880258,POINT,37.19,NEIGHBORHOOD,500 M TO 4KM,,Al Dept Of Env Mgt,POPULATION EXPOSURE,,,10,
2022-08-21,010030010,1,4.5,Micrograms/cubic meter (LC),25,"FAIRHOPE, Alabama",1,100,88101,PM2.5 - Local Conditions,145,R & P Model 2025 PM-2.5 Sequential Air Sampler w/VSCC - Gravimetric,19300,"Daphne-Fairhope-Foley, AL",30.497478,-87.880258,POINT,37.19,NEIGHBORHOOD,500 M TO 4KM,,Al Dept Of Env Mgt,POPULATION EXPOSURE,,,10,
2022-08-24,010030010,1,3.2,Micrograms/cubic meter (LC),18,"FAIRHOPE, Alabama",1,100,88101,PM2.5 - Local Conditions,145,R & P Model 2025 PM-2.5 Sequential Air Sampler w/VSCC - Gravimetric,19300,"Daphne-Fairhope-Foley, AL",30.497478,-87.880258,POINT,37.19,NEIGHBORHOOD,500 M TO 4KM,,Al Dept Of Env Mgt,POPULATION EXPOSURE,,,10,
2022-08-27,010030010,1,3.6,Micrograms/cubic meter (LC),20,"FAIRHOPE, Alabama",1,100,88101,PM2.5 - Local Conditions,145,R & P Model 2025 PM-2.5 Sequential Air Sampler w/VSCC - Gravimetric,19300,"Daphne-Fairhope-Foley, AL",30.497478,-87.880258,POINT,37.19,NEIGHBORHOOD,500 M TO 4KM,,Al Dept Of Env Mgt,POPULATION EXPOSURE,,,10,
2022-08-30,010030010,1,6.6,Micrograms/cubic meter (LC),37,"FAIRHOPE, Alabama",1,100,88101,PM2.5 - Local Conditions,145,R & P Model 2025 PM-2.5 Sequential Air Sampler w/VSCC - Gravimetric,19300,"Daphne-Fairhope-Foley, AL",30.497478,-87.880258,POINT,37.19,NEIGHBORHOOD,500 M TO 4KM,,Al Dept Of Env Mgt,POPULATION EXPOSURE,,,10,
2022-09-02,010030010,1,8.2,Micrograms/cubic meter (LC),46,"FAIRHOPE, Alabama",1,100,88101,PM2.5 - Local Conditions,145,R & P Model 2025 PM-2.5 Sequential Air Sampler w/VSCC - Gravimetric,19300,"Daphne-Fairhope-Foley, AL",30.497478,-87.880258,POINT,37.19,NEIGHBORHOOD,500 M TO 4KM,,Al Dept Of Env Mgt,POPULATION EXPOSURE,,,10,
2022-09-05,010030010,1,6.6,Micrograms/cubic meter (LC),37,"FAIRHOPE, Alabama",1,100,88101,PM2.5 - Local Conditions,145,R & P Model 2025 PM-2.5 Sequential Air Sampler w/VSCC - Gravimetric,19300,"Daphne-Fairhope-Foley, AL",30.497478,-87.880258,POINT,37.19,NEIGHBORHOOD,500 M TO 4KM,,Al Dept Of Env Mgt,POPULATION EXPOSURE,,,10,
2022-09-08,010030010,1,7.8,Micrograms/cubic meter (LC),43,"FAIRHOPE, Alabama",1,100,88101,PM2.5 - Local Conditions,145,R & P Model 2025 PM-2.5 Sequential Air Sampler w/VSCC - Gravimetric,19300,"Daphne-Fairhope-Foley, AL",30.497478,-87.880258,POINT,37.19,NEIGHBORHOOD,500 M TO 4KM,,Al Dept Of Env Mgt,POPULATION EXPOSURE,,,10,
2022-09-11,010030010,1,3.2,Micrograms/cubic meter (LC),18,"FAIRHOPE, Alabama",1,100,88101,PM2.5 - Local Conditions,145,R & P Model 2025 PM-2.5 Sequential Air Sampler w/VSCC - Gravimetric,19300,"Daphne-Fairhope-Foley, AL",30.497478,-87.880258,POINT,37.19,NEIGHBORHOOD,500 M TO 4KM,,Al Dept Of Env Mgt,POPULATION EXPOSURE,,,10,
2022-09-14,010030010,1,9.1,Micrograms/cubic meter (LC),51,"FAIRHOPE, Alabama",1,100,88101,PM2.5 - Local Conditions,145,R & P Model 2025 PM-2.5 Sequential Air Sampler w/VSCC - Gravimetric,19300,"Daphne-Fairhope-Foley, AL",30.497478,-87.880258,POINT,37.19,NEIGHBORHOOD,500 M TO 4KM,,Al Dept Of Env Mgt,POPULATION EXPOSURE,,,10,
2022-09-17,010030010,1,7.1,Micrograms/cubic meter (LC),39,"FAIRHOPE, Alabama",1,100,88101,PM2.5 - Local Conditions,145,R & P Model 2025 PM-2.5 Sequential Air Sampler w/VSCC - Gravimetric,19300,"Daphne-Fairhope-Foley, AL",30.497478,-87.880258,POINT,37.19,NEIGHBORHOOD,500 M TO 4KM,,Al Dept Of Env Mgt,POPULATION EXPOSURE,,,10,
2022-09-20,010030010,1,14.6,Micrograms/cubic meter (LC),61,"FAIRHOPE, Alabama",1,100,88101,PM2.5 - Local Conditions,145,R & P Model 2025 PM-2.5 Sequential Air Sampler w/VSCC - Gravimetric,19300,"Daphne-Fairhope-Foley, AL",30.497478,-87.880258,POINT,37.19,NEIGHBORHOOD,500 M TO 4KM,,Al Dept Of Env Mgt,POPULATION EXPOSURE,,,10,
2022-09-23,010030010,1,9.6,Micrograms/cubic meter (LC),52,"FAIRHOPE, Alabama",1,100,88101,PM2.5 - Local Conditions,145,R & P Model 2025 PM-2.5 Sequential Air Sampler w/VSCC - Gravimetric,19300,"Daphne-Fairhope-Foley, AL",30.497478,-87.880258,POINT,37.19,NEIGHBORHOOD,500 M TO 4KM,,Al Dept Of Env Mgt,POPULATION EXPOSURE,,,10,
2022-09-26,010030010,1,10.7,Micrograms/cubic meter (LC),54,"FAIRHOPE, Alabama",1,100,88101,PM2.5 - Local Conditions,145,R & P Model 2025 PM-2.5 Sequential Air Sampler w/VSCC - Gravimetric,19300,"Daphne-Fairhope-Foley, AL",30.497478,-87.880258,POINT,37.19,NEIGHBORHOOD,500 M TO 4KM,,Al Dept Of Env Mgt,POPULATION EXPOSURE,,,10,
2022-09-29,010030010,1,3.9,Micrograms/cubic meter (LC),22,"FAIRHOPE, Alabama",1,100,88101,PM2.5 - Local Conditions,145,R & P Model 2025 PM-2.5 Sequential Air Sampler w/VSCC - Gravimetric,19300,"Daphne-Fairhope-Foley, AL",30.497478,-87.880258,POINT,37.19,NEIGHBORHOOD,500 M TO 4KM,,Al Dept Of Env Mgt,POPULATION EXPOSURE,,,10,
2022-10-02,010030010,1,4.9,Micrograms/cubic meter (LC),27,"FAIRHOPE, Alabama",1,100,88101,PM2.5 - Local Conditions,145,R & P Model 2025 PM-2.5 Sequential Air Sampler w/VSCC - Gravimetric,19300,"Daphne-Fairhope-Foley, AL",30.497478,-87.880258,POINT,37.19,NEIGHBORHOOD,500 M TO 4KM,,Al Dept Of Env Mgt,POPULATION EXPOSURE,,,10,
2022-10-05,010030010,1,7.3,Micrograms/cubic meter (LC),41,"FAIRHOPE, Alabama",1,100,88101,PM2.5 - Local Conditions,145,R & P Model 2025 PM-2.5 Sequential Air Sampler w/VSCC - Gravimetric,19300,"Daphne-Fairhope-Foley, AL",30.497478,-87.880258,POINT,37.19,NEIGHBORHOOD,500 M TO 4KM,,Al Dept Of Env Mgt,POPULATION EXPOSURE,,,10,
2022-10-08,010030010,1,10.8,Micrograms/cubic meter (LC),54,"FAIRHOPE, Alabama",1,100,88101,PM2.5 - Local Conditions,145,R & P Model 2025 PM-2.5 Sequential Air Sampler w/VSCC - Gravimetric,19300,"Daphne-Fairhope-Foley, AL",30.497478,-87.880258,POINT,37.19,NEIGHBORHOOD,500 M TO 4KM,,Al Dept Of Env Mgt,POPULATION EXPOSURE,,,10,
2022-10-11,010030010,1,9.7,Micrograms/cubic meter (LC),52,"FAIRHOPE, Alabama",1,100,88101,PM2.5 - Local Conditions,145,R & P Model 2025 PM-2.5 Sequential Air Sampler w/VSCC - Gravimetric,19300,"Daphne-Fairhope-Foley, AL",30.497478,-87.880258,POINT,37.19,NEIGHBORHOOD,500 M TO 4KM,,Al Dept Of Env Mgt,POPULATION EXPOSURE,,,10,
2022-10-14,010030010,1,7.9,Micrograms/cubic meter (LC),44,"FAIRHOPE, Alabama",1,100,88101,PM2.5 - Local Conditions,145,R & P Model 2025 PM-2.5 Sequential Air Sampler w/VSCC - Gravimetric,19300,"Daphne-Fairhope-Foley, AL",30.497478,-87.880258,POINT,37.19,NEIGHBORHOOD,500 M TO 4KM,,Al Dept Of Env Mgt,POPULATION EXPOSURE,,,10,
2022-10-17,010030010,1,10.3,Micrograms/cubic meter (LC),53,"FAIRHOPE, Alabama",1,100,88101,PM2.5 - Local Conditions,145,R & P Model 2025 PM-2.5 Sequential Air Sampler w/VSCC - Gravimetric,19300,"Daphne-Fairhope-Foley, AL",30.497478,-87.880258,POINT,37.19,NEIGHBORHOOD,500 M TO 4KM,,Al Dept Of Env Mgt,POPULATION EXPOSURE,,,10,
2022-10-20,010030010,1,6.4,Micrograms/cubic meter (LC),36,"FAIRHOPE, Alabama",1,100,88101,PM2.5 - Local Conditions,145,R & P Model 2025 PM-2.5 Sequential Air Sampler w/VSCC - Gravimetric,19300,"Daphne-Fairhope-Foley, AL",30.497478,-87.880258,POINT,37.19,NEIGHBORHOOD,500 M TO 4KM,,Al Dept Of Env Mgt,POPULATION EXPOSURE,,,10,
2022-10-23,010030010,1,10.7,Micrograms/cubic meter (LC),54,"FAIRHOPE, Alabama",1,100,88101,PM2.5 - Local Conditions,145,R & P Model 2025 PM-2.5 Sequential Air Sampler w/VSCC - Gravimetric,19300,"Daphne-Fairhope-Foley, AL",30.497478,-87.880258,POINT,37.19,NEIGHBORHOOD,500 M TO 4KM,,Al Dept Of Env Mgt,POPULATION EXPOSURE,,,10,
2022-10-26,010030010,1,4.1,Micrograms/cubic meter (LC),23,"FAIRHOPE, Alabama",1,100,88101,PM2.5 - Local Conditions,145,R & P Model 2025 PM-2.5 Sequential Air Sampler w/VSCC - Gravimetric,19300,"Daphne-Fairhope-Foley, AL",30.497478,-87.880258,POINT,37.19,NEIGHBORHOOD,500 M TO 4KM,,Al Dept Of Env Mgt,POPULATION EXPOSURE,,,10,
2022-10-29,010030010,1,7.3,Micrograms/cubic meter (LC),41,"FAIRHOPE, Alabama",1,100,88101,PM2.5 - Local Conditions,145,R & P Model 2025 PM-2.5 Sequential Air Sampler w/VSCC - Gravimetric,19300,"Daphne-Fairhope-Foley, AL",30.497478,-87.880258,POINT,37.19,NEIGHBORHOOD,500 M TO 4KM,,Al Dept Of Env Mgt,POPULATION EXPOSURE,,,10,
2022-11-01,010030010,1,10.3,Micrograms/cubic meter (LC),53,"FAIRHOPE, Alabama",1,100,88101,PM2.5 - Local Conditions,145,R & P Model 2025 PM-2.5 Sequential Air Sampler w/VSCC - Gravimetric,19300,"Daphne-Fairhope-Foley, AL",30.497478,-87.880258,POINT,37.19,NEIGHBORHOOD,500 M TO 4KM,,Al Dept Of Env Mgt,POPULATION EXPOSURE,,,10,
2022-11-04,010030010,1,9.8,Micrograms/cubic meter (LC),52,"FAIRHOPE, Alabama",1,100,88101,PM2.5 - Local Conditions,145,R & P Model 2025 PM-2.5 Sequential Air Sampler w/VSCC - Gravimetric,19300,"Daphne-Fairhope-Foley, AL",30.497478,-87.880258,POINT,37.19,NEIGHBORHOOD,500 M TO 4KM,,Al Dept Of Env Mgt,POPULATION EXPOSURE,,,10,
2022-11-07,010030010,1,7.9,Micrograms/cubic meter (LC),44,"FAIRHOPE, Alabama",1,100,88101,PM2.5 - Local Conditions,145,R & P Model 2025 PM-2.5 Sequential Air Sampler w/VSCC - Gravimetric,19300,"Daphne-Fairhope-Foley, AL",30.497478,-87.880258,POINT,37.19,NEIGHBORHOOD,500 M TO 4KM,,Al Dept Of Env Mgt,POPULATION EXPOSURE,,,10,
2022-11-10,010030010,1,8.7,Micrograms/cubic meter (LC),48,"FAIRHOPE, Alabama",1,100,88101,PM2.5 - Local Conditions,145,R & P Model 2025 PM-2.5 Sequential Air Sampler w/VSCC - Gravimetric,19300,"Daphne-Fairhope-Foley, AL",30.497478,-87.880258,POINT,37.19,NEIGHBORHOOD,500 M TO 4KM,,Al Dept Of Env Mgt,POPULATION EXPOSURE,,,10,
2022-11-13,010030010,1,5.3,Micrograms/cubic meter (LC),29,"FAIRHOPE, Alabama",1,100,88101,PM2.5 - Local Conditions,145,R & P Model 2025 PM-2.5 Sequential Air Sampler w/VSCC - Gravimetric,19300,"Daphne-Fairhope-Foley, AL",30.497478,-87.880258,POINT,37.19,NEIGHBORHOOD,500 M TO 4KM,,Al Dept Of Env Mgt,POPULATION EXPOSURE,,,10,
2022-11-16,010030010,1,5.1,Micrograms/cubic meter (LC),28,"FAIRHOPE, Alabama",1,100,88101,PM2.5 - Local Conditions,145,R & P Model 2025 PM-2.5 Sequential Air Sampler w/VSCC - Gravimetric,19300,"Daphne-Fairhope-Foley, AL",30.497478,-87.880258,POINT,37.19,NEIGHBORHOOD,500 M TO 4KM,,Al Dept Of Env Mgt,POPULATION EXPOSURE,,,10,
2022-11-19,010030010,1,9.9,Micrograms/cubic meter (LC),52,"FAIRHOPE, Alabama",1,100,88101,PM2.5 - Local Conditions,145,R & P Model 2025 PM-2.5 Sequential Air Sampler w/VSCC - Gravimetric,19300,"Daphne-Fairhope-Foley, AL",30.497478,-87.880258,POINT,37.19,NEIGHBORHOOD,500 M TO 4KM,,Al Dept Of Env Mgt,POPULATION EXPOSURE,,,10,
2022-11-25,010030010,1,3.7,Micrograms/cubic meter (LC),21,"FAIRHOPE, Alabama",1,100,88101,PM2.5 - Local Conditions,145,R & P Model 2025 PM-2.5 Sequential Air Sampler w/VSCC - Gravimetric,19300,"Daphne-Fairhope-Foley, AL",30.497478,-87.880258,POINT,37.19,NEIGHBORHOOD,500 M TO 4KM,,Al Dept Of Env Mgt,POPULATION EXPOSURE,,,10,
2022-11-28,010030010,1,6.9,Micrograms/cubic meter (LC),38,"FAIRHOPE, Alabama",1,100,88101,PM2.5 - Local Conditions,145,R & P Model 2025 PM-2.5 Sequential Air Sampler w/VSCC - Gravimetric,19300,"Daphne-Fairhope-Foley, AL",30.497478,-87.880258,POINT,37.19,NEIGHBORHOOD,500 M TO 4KM,,Al Dept Of Env Mgt,POPULATION EXPOSURE,,,10,
2022-12-01,010030010,1,4.3,Micrograms/cubic meter (LC),24,"FAIRHOPE, Alabama",1,100,88101,PM2.5 - Local Conditions,145,R & P Model 2025 PM-2.5 Sequential Air Sampler w/VSCC - Gravimetric,19300,"Daphne-Fairhope-Foley, AL",30.497478,-87.880258,POINT,37.19,NEIGHBORHOOD,500 M TO 4KM,,Al Dept Of Env Mgt,POPULATION EXPOSURE,,,10,
2022-12-04,010030010,1,7.4,Micrograms/cubic meter (LC),41,"FAIRHOPE, Alabama",1,100,88101,PM2.5 - Local Conditions,145,R & P Model 2025 PM-2.5 Sequential Air Sampler w/VSCC - Gravimetric,19300,"Daphne-Fairhope-Foley, AL",30.497478,-87.880258,POINT,37.19,NEIGHBORHOOD,500 M TO 4KM,,Al Dept Of Env Mgt,POPULATION EXPOSURE,,,10,
2022-12-07,010030010,1,7.5,Micrograms/cubic meter (LC),42,"FAIRHOPE, Alabama",1,100,88101,PM2.5 - Local Conditions,145,R & P Model 2025 PM-2.5 Sequential Air Sampler w/VSCC - Gravimetric,19300,"Daphne-Fairhope-Foley, AL",30.497478,-87.880258,POINT,37.19,NEIGHBORHOOD,500 M TO 4KM,,Al Dept Of Env Mgt,POPULATION EXPOSURE,,,10,
2022-12-10,010030010,1,7,Micrograms/cubic meter (LC),39,"FAIRHOPE, Alabama",1,100,88101,PM2.5 - Local Conditions,145,R & P Model 2025 PM-2.5 Sequential Air Sampler w/VSCC - Gravimetric,19300,"Daphne-Fairhope-Foley, AL",30.497478,-87.880258,POINT,37.19,NEIGHBORHOOD,500 M TO 4KM,,Al Dept Of Env Mgt,POPULATION EXPOSURE,,,10,
2022-12-13,010030010,1,9.5,Micrograms/cubic meter (LC),52,"FAIRHOPE, Alabama",1,100,88101,PM2.5 - Local Conditions,145,R & P Model 2025 PM-2.5 Sequential Air Sampler w/VSCC - Gravimetric,19300,"Daphne-Fairhope-Foley, AL",30.497478,-87.880258,POINT,37.19,NEIGHBORHOOD,500 M TO 4KM,,Al Dept Of Env Mgt,POPULATION EXPOSURE,,,10,
2022-12-16,010030010,1,7.4,Micrograms/cubic meter (LC),41,"FAIRHOPE, Alabama",1,100,88101,PM2.5 - Local Conditions,145,R & P Model 2025 PM-2.5 Sequential Air Sampler w/VSCC - Gravimetric,19300,"Daphne-Fairhope-Foley, AL",30.497478,-87.880258,POINT,37.19,NEIGHBORHOOD,500 M TO 4KM,,Al Dept Of Env Mgt,POPULATION EXPOSURE,,,10,
2022-12-19,010030010,1,5.3,Micrograms/cubic meter (LC),29,"FAIRHOPE, Alabama",1,100,88101,PM2.5 - Local Conditions,145,R & P Model 2025 PM-2.5 Sequential Air Sampler w/VSCC - Gravimetric,19300,"Daphne-Fairhope-Foley, AL",30.497478,-87.880258,POINT,37.19,NEIGHBORHOOD,500 M TO 4KM,,Al Dept Of Env Mgt,POPULATION EXPOSURE,,,10,
2022-12-22,010030010,1,3.5,Micrograms/cubic meter (LC),19,"FAIRHOPE, Alabama",1,100,88101,PM2.5 - Local Conditions,145,R & P Model 2025 PM-2.5 Sequential Air Sampler w/VSCC - Gravimetric,19300,"Daphne-Fairhope-Foley, AL",30.497478,-87.880258,POINT,37.19,NEIGHBORHOOD,500 M TO 4KM,,Al Dept Of Env Mgt,POPULATION EXPOSURE,,,10,
2023-01-10,010030010,3,8.5,Micrograms/cubic meter (LC),47,"FAIRHOPE, Alabama",1,100,88101,PM2.5 - Local Conditions,209,Met One BAM-1022 Mass Monitor w/ VSCC or TE-PM2.5C - Beta Attenuation,19300,"Daphne-Fairhope-Foley, AL",30.497478,-87.880258,POINT,37.19,NEIGHBORHOOD,500 M TO 4KM,SLAMS,Al Dept Of Env Mgt,POPULATION EXPOSURE,Y,,10,
2023-01-11,010030010,3,6.8,Micrograms/cubic meter (LC),38,"FAIRHOPE, Alabama",1,100,88101,PM2.5 - Local Conditions,209,Met One BAM-1022 Mass Monitor w/ VSCC or TE-PM2.5C - Beta Attenuation,19300,"Daphne-Fairhope-Foley, AL",30.497478,-87.880258,POINT,37.19,NEIGHBORHOOD,500 M TO 4KM,SLAMS,Al Dept Of Env Mgt,POPULATION EXPOSURE,Y,,10,
2023-01-12,010030010,3,5.4,Micrograms/cubic meter (LC),30,"FAIRHOPE, Alabama",1,100,88101,PM2.5 - Local Conditions,209,Met One BAM-1022 Mass Monitor w/ VSCC or TE-PM2.5C - Beta Attenuation,19300,"Daphne-Fairhope-Foley, AL",30.497478,-87.880258,POINT,37.19,NEIGHBORHOOD,500 M TO 4KM,SLAMS,Al Dept Of Env Mgt,POPULATION EXPOSURE,Y,,10,
2023-01-13,010030010,3,4.3,Micrograms/cubic meter (LC),24,"FAIRHOPE, Alabama",1,100,88101,PM2.5 - Local Conditions,209,Met One BAM-1022 Mass Monitor w/ VSCC or TE-PM2.5C - Beta Attenuation,19300,"Daphne-Fairhope-Foley, AL",30.497478,-87.880258,POINT,37.19,NEIGHBORHOOD,500 M TO 4KM,SLAMS,Al Dept Of Env Mgt,POPULATION EXPOSURE,Y,,10,
2023-01-14,010030010,3,4.9,Micrograms/cubic meter (LC),27,"FAIRHOPE, Alabama",1,100,88101,PM2.5 - Local Conditions,209,Met One BAM-1022 Mass Monitor w/ VSCC or TE-PM2.5C - Beta Attenuation,19300,"Daphne-Fairhope-Foley, AL",30.497478,-87.880258,POINT,37.19,NEIGHBORHOOD,500 M TO 4KM,SLAMS,Al Dept Of Env Mgt,POPULATION EXPOSURE,Y,,10,
2023-01-15,010030010,3,9.8,Micrograms/cubic meter (LC),52,"FAIRHOPE, Alabama",1,100,88101,PM2.5 - Local Conditions,209,Met One BAM-1022 Mass Monitor w/ VSCC or TE-PM2.5C - Beta Attenuation,19300,"Daphne-Fairhope-Foley, AL",30.497478,-87.880258,POINT,37.19,NEIGHBORHOOD,500 M TO 4KM,SLAMS,Al Dept Of Env Mgt,POPULATION EXPOSURE,Y,,10,
2023-01-16,010030010,3,4.7,Micrograms/cubic meter (LC),26,"FAIRHOPE, Alabama",1,100,88101,PM2.5 - Local Conditions,209,Met One BAM-1022 Mass Monitor w/ VSCC or TE-PM2.5C - Beta Attenuation,19300,"Daphne-Fairhope-Foley, AL",30.497478,-87.880258,POINT,37.19,NEIGHBORHOOD,500 M TO 4KM,SLAMS,Al Dept Of Env Mgt,POPULATION EXPOSURE,Y,,10,
2023-01-17,010030010,3,3.3,Micrograms/cubic meter (LC),18,"FAIRHOPE, Alabama",1,100,88101,PM2.5 - Local Conditions,209,Met One BAM-1022 Mass Monitor w/ VSCC or TE-PM2.5C - Beta Attenuation,19300,"Daphne-Fairhope-Foley, AL",30.497478,-87.880258,POINT,37.19,NEIGHBORHOOD,500 M TO 4KM,SLAMS,Al Dept Of Env Mgt,POPULATION EXPOSURE,Y,,10,
2023-01-18,010030010,3,5.6,Micrograms/cubic meter (LC),31,"FAIRHOPE, Alabama",1,100,88101,PM2.5 - Local Conditions,209,Met One BAM-1022 Mass Monitor w/ VSCC or TE-PM2.5C - Beta Attenuation,19300,"Daphne-Fairhope-Foley, AL",30.497478,-87.880258,POINT,37.19,NEIGHBORHOOD,500 M TO 4KM,SLAMS,Al Dept Of Env Mgt,POPULATION EXPOSURE,Y,,10,
2023-01-19,010030010,3,6.1,Micrograms/cubic meter (LC),34,"FAIRHOPE, Alabama",1,100,88101,PM2.5 - Local Conditions,209,Met One BAM-1022 Mass Monitor w/ VSCC or TE-PM2.5C - Beta Attenuation,19300,"Daphne-Fairhope-Foley, AL",30.497478,-87.880258,POINT,37.19,NEIGHBORHOOD,500 M TO 4KM,SLAMS,Al Dept Of Env Mgt,POPULATION EXPOSURE,Y,,10,
2023-01-20,010030010,3,3.5,Micrograms/cubic meter (LC),19,"FAIRHOPE, Alabama",1,100,88101,PM2.5 - Local Conditions,209,Met One BAM-1022 Mass Monitor w/ VSCC or TE-PM2.5C - Beta Attenuation,19300,"Daphne-Fairhope-Foley, AL",30.497478,-87.880258,POINT,37.19,NEIGHBORHOOD,500 M TO 4KM,SLAMS,Al Dept Of Env Mgt,POPULATION EXPOSURE,Y,,10,
2023-01-21,010030010,3,4.6,Micrograms/cubic meter (LC),26,"FAIRHOPE, Alabama",1,100,88101,PM2.5 - Local Conditions,209,Met One BAM-1022 Mass Monitor w/ VSCC or TE-PM2.5C - Beta Attenuation,19300,"Daphne-Fairhope-Foley, AL",30.497478,-87.880258,POINT,37.19,NEIGHBORHOOD,500 M TO 4KM,SLAMS,Al Dept Of Env Mgt,POPULATION EXPOSURE,Y,,10,
2023-01-22,010030010,3,4.2,Micrograms/cubic meter (LC),23,"FAIRHOPE, Alabama",1,100,88101,PM2.5 - Local Conditions,209,Met One BAM-1022 Mass Monitor w/ VSCC or TE-PM2.5C - Beta Attenuation,19300,"Daphne-Fairhope-Foley, AL",30.497478,-87.880258,POINT,37.19,NEIGHBORHOOD,500 M TO 4KM,SLAMS,Al Dept Of Env Mgt,POPULATION EXPOSURE,Y,,10,
2023-01-23,010030010,3,4.3,Micrograms/cubic meter (LC),24,"FAIRHOPE, Alabama",1,100,88101,PM2.5 - Local Conditions,209,Met One BAM-1022 Mass Monitor w/ VSCC or TE-PM2.5C - Beta Attenuation,19300,"Daphne-Fairhope-Foley, AL",30.497478,-87.880258,POINT,37.19,NEIGHBORHOOD,500 M TO 4KM,SLAMS,Al Dept Of Env Mgt,POPULATION EXPOSURE,Y,,10,
2023-01-24,010030010,3,5.2,Micrograms/cubic meter (LC),29,"FAIRHOPE, Alabama",1,100,88101,PM2.5 - Local Conditions,209,Met One BAM-1022 Mass Monitor w/ VSCC or TE-PM2.5C - Beta Attenuation,19300,"Daphne-Fairhope-Foley, AL",30.497478,-87.880258,POINT,37.19,NEIGHBORHOOD,500 M TO 4KM,SLAMS,Al Dept Of Env Mgt,POPULATION EXPOSURE,Y,,10,
2023-01-25,010030010,3,3.1,Micrograms/cubic meter (LC),17,"FAIRHOPE, Alabama",1,100,88101,PM2.5 - Local Conditions,209,Met One BAM-1022 Mass Monitor w/ VSCC or TE-PM2.5C - Beta Attenuation,19300,"Daphne-Fairhope-Foley, AL",30.497478,-87.880258,POINT,37.19,NEIGHBORHOOD,500 M TO 4KM,SLAMS,Al Dept Of Env Mgt,POPULATION EXPOSURE,Y,,10,
2023-01-26,010030010,3,4,Micrograms/cubic meter (LC),22,"FAIRHOPE, Alabama",1,100,88101,PM2.5 - Local Conditions,209,Met One BAM-1022 Mass Monitor w/ VSCC or TE-PM2.5C - Beta Attenuation,19300,"Daphne-Fairhope-Foley, AL",30.497478,-87.880258,POINT,37.19,NEIGHBORHOOD,500 M TO 4KM,SLAMS,Al Dept Of Env Mgt,POPULATION EXPOSURE,Y,,10,
2023-01-27,010030010,3,4.5,Micrograms/cubic meter (LC),25,"FAIRHOPE, Alabama",1,100,88101,PM2.5 - Local Conditions,209,Met One BAM-1022 Mass Monitor w/ VSCC or TE-PM2.5C - Beta Attenuation,19300,"Daphne-Fairhope-Foley, AL",30.497478,-87.880258,POINT,37.19,NEIGHBORHOOD,500 M TO 4KM,SLAMS,Al Dept Of Env Mgt,POPULATION EXPOSURE,Y,,10,
2023-01-28,010030010,3,9.6,Micrograms/cubic meter (LC),52,"FAIRHOPE, Alabama",1,100,88101,PM2.5 - Local Conditions,209,Met One BAM-1022 Mass Monitor w/ VSCC or TE-PM2.5C - Beta Attenuation,19300,"Daphne-Fairhope-Foley, AL",30.497478,-87.880258,POINT,37.19,NEIGHBORHOOD,500 M TO 4KM,SLAMS,Al Dept Of Env Mgt,POPULATION EXPOSURE,Y,,10,
2023-01-29,010030010,3,6.5,Micrograms/cubic meter (LC),36,"FAIRHOPE, Alabama",1,100,88101,PM2.5 - Local Conditions,209,Met One BAM-1022 Mass Monitor w/ VSCC or TE-PM2.5C - Beta Attenuation,19300,"Daphne-Fairhope-Foley, AL",30.497478,-87.880258,POINT,37.19,NEIGHBORHOOD,500 M TO 4KM,SLAMS,Al Dept Of Env Mgt,POPULATION EXPOSURE,Y,,10,
2023-01-30,010030010,3,5.4,Micrograms/cubic meter (LC),30,"FAIRHOPE, Alabama",1,100,88101,PM2.5 - Local Conditions,209,Met One BAM-1022 Mass Monitor w/ VSCC or TE-PM2.5C - Beta Attenuation,19300,"Daphne-Fairhope-Foley, AL",30.497478,-87.880258,POINT,37.19,NEIGHBORHOOD,500 M TO 4KM,SLAMS,Al Dept Of Env Mgt,POPULATION EXPOSURE,Y,,10,
2023-01-31,010030010,3,3.9,Micrograms/cubic meter (LC),22,"FAIRHOPE, Alabama",1,100,88101,PM2.5 - Local Conditions,209,Met One BAM-1022 Mass Monitor w/ VSCC or TE-PM2.5C - Beta Attenuation,19300,"Daphne-Fairhope-Foley, AL",30.497478,-87.880258,POINT,37.19,NEIGHBORHOOD,500 M TO 4KM,SLAMS,Al Dept Of Env Mgt,POPULATION EXPOSURE,Y,,10,
2023-02-01,010030010,3,5,Micrograms/cubic meter (LC),28,"FAIRHOPE, Alabama",1,100,88101,PM2.5 - Local Conditions,209,Met One BAM-1022 Mass Monitor w/ VSCC or TE-PM2.5C - Beta Attenuation,19300,"Daphne-Fairhope-Foley, AL",30.497478,-87.880258,POINT,37.19,NEIGHBORHOOD,500 M TO 4KM,SLAMS,Al Dept Of Env Mgt,POPULATION EXPOSURE,Y,,10,
2023-02-02,010030010,3,5.7,Micrograms/cubic meter (LC),32,"FAIRHOPE, Alabama",1,100,88101,PM2.5 - Local Conditions,209,Met One BAM-1022 Mass Monitor w/ VSCC or TE-PM2.5C - Beta Attenuation,19300,"Daphne-Fairhope-Foley, AL",30.497478,-87.880258,POINT,37.19,NEIGHBORHOOD,500 M TO 4KM,SLAMS,Al Dept Of Env Mgt,POPULATION EXPOSURE,Y,,10,
2023-02-03,010030010,3,1.9,Micrograms/cubic meter (LC),11,"FAIRHOPE, Alabama",1,100,88101,PM2.5 - Local Conditions,209,Met One BAM-1022 Mass Monitor w/ VSCC or TE-PM2.5C - Beta Attenuation,19300,"Daphne-Fairhope-Foley, AL",30.497478,-87.880258,POINT,37.19,NEIGHBORHOOD,500 M TO 4KM,SLAMS,Al Dept Of Env Mgt,POPULATION EXPOSURE,Y,,10,
2023-02-04,010030010,3,8.2,Micrograms/cubic meter (LC),46,"FAIRHOPE, Alabama",1,100,88101,PM2.5 - Local Conditions,209,Met One BAM-1022 Mass Monitor w/ VSCC or TE-PM2.5C - Beta Attenuation,19300,"Daphne-Fairhope-Foley, AL",30.497478,-87.880258,POINT,37.19,NEIGHBORHOOD,500 M TO 4KM,SLAMS,Al Dept Of Env Mgt,POPULATION EXPOSURE,Y,,10,
2023-02-05,010030010,3,10.2,Micrograms/cubic meter (LC),53,"FAIRHOPE, Alabama",1,100,88101,PM2.5 - Local Conditions,209,Met One BAM-1022 Mass Monitor w/ VSCC or TE-PM2.5C - Beta Attenuation,19300,"Daphne-Fairhope-Foley, AL",30.497478,-87.880258,POINT,37.19,NEIGHBORHOOD,500 M TO 4KM,SLAMS,Al Dept Of Env Mgt,POPULATION EXPOSURE,Y,,10,
2023-02-06,010030010,3,7.5,Micrograms/cubic meter (LC),42,"FAIRHOPE, Alabama",1,100,88101,PM2.5 - Local Conditions,209,Met One BAM-1022 Mass Monitor w/ VSCC or TE-PM2.5C - Beta Attenuation,19300,"Daphne-Fairhope-Foley, AL",30.497478,-87.880258,POINT,37.19,NEIGHBORHOOD,500 M TO 4KM,SLAMS,Al Dept Of Env Mgt,POPULATION EXPOSURE,Y,,10,
2023-02-07,010030010,3,8.7,Micrograms/cubic meter (LC),48,"FAIRHOPE, Alabama",1,100,88101,PM2.5 - Local Conditions,209,Met One BAM-1022 Mass Monitor w/ VSCC or TE-PM2.5C - Beta Attenuation,19300,"Daphne-Fairhope-Foley, AL",30.497478,-87.880258,POINT,37.19,NEIGHBORHOOD,500 M TO 4KM,SLAMS,Al Dept Of Env Mgt,POPULATION EXPOSURE,Y,,10,
2023-02-08,010030010,3,7.3,Micrograms/cubic meter (LC),41,"FAIRHOPE, Alabama",1,100,88101,PM2.5 - Local Conditions,209,Met One BAM-1022 Mass Monitor w/ VSCC or TE-PM2.5C - Beta Attenuation,19300,"Daphne-Fairhope-Foley, AL",30.497478,-87.880258,POINT,37.19,NEIGHBORHOOD,500 M TO 4KM,SLAMS,Al Dept Of Env Mgt,POPULATION EXPOSURE,Y,,10,
2023-02-09,010030010,3,3.8,Micrograms/cubic meter (LC),21,"FAIRHOPE, Alabama",1,100,88101,PM2.5 - Local Conditions,209,Met One BAM-1022 Mass Monitor w/ VSCC or TE-PM2.5C - Beta Attenuation,19300,"Daphne-Fairhope-Foley, AL",30.497478,-87.880258,POINT,37.19,NEIGHBORHOOD,500 M TO 4KM,SLAMS,Al Dept Of Env Mgt,POPULATION EXPOSURE,Y,,10,
2023-02-10,010030010,3,3.8,Micrograms/cubic meter (LC),21,"FAIRHOPE, Alabama",1,100,88101,PM2.5 - Local Conditions,209,Met One BAM-1022 Mass Monitor w/ VSCC or TE-PM2.5C - Beta Attenuation,19300,"Daphne-Fairhope-Foley, AL",30.497478,-87.880258,POINT,37.19,NEIGHBORHOOD,500 M TO 4KM,SLAMS,Al Dept Of Env Mgt,POPULATION EXPOSURE,Y,,10,
2023-02-11,010030010,3,1.9,Micrograms/cubic meter (LC),11,"FAIRHOPE, Alabama",1,100,88101,PM2.5 - Local Conditions,209,Met One BAM-1022 Mass Monitor w/ VSCC or TE-PM2.5C - Beta Attenuation,19300,"Daphne-Fairhope-Foley, AL",30.497478,-87.880258,POINT,37.19,NEIGHBORHOOD,500 M TO 4KM,SLAMS,Al Dept Of Env Mgt,POPULATION EXPOSURE,Y,,10,
2023-02-12,010030010,3,3.2,Micrograms/cubic meter (LC),18,"FAIRHOPE, Alabama",1,100,88101,PM2.5 - Local Conditions,209,Met One BAM-1022 Mass Monitor w/ VSCC or TE-PM2.5C - Beta Attenuation,19300,"Daphne-Fairhope-Foley, AL",30.497478,-87.880258,POINT,37.19,NEIGHBORHOOD,500 M TO 4KM,SLAMS,Al Dept Of Env Mgt,POPULATION EXPOSURE,Y,,10,
2023-02-13,010030010,3,4.4,Micrograms/cubic meter (LC),24,"FAIRHOPE, Alabama",1,100,88101,PM2.5 - Local Conditions,209,Met One BAM-1022 Mass Monitor w/ VSCC or TE-PM2.5C - Beta Attenuation,19300,"Daphne-Fairhope-Foley, AL",30.497478,-87.880258,POINT,37.19,NEIGHBORHOOD,500 M TO 4KM,SLAMS,Al Dept Of Env Mgt,POPULATION EXPOSURE,Y,,10,
2023-02-14,010030010,3,5.9,Micrograms/cubic meter (LC),33,"FAIRHOPE, Alabama",1,100,88101,PM2.5 - Local Conditions,209,Met One BAM-1022 Mass Monitor w/ VSCC or TE-PM2.5C - Beta Attenuation,19300,"Daphne-Fairhope-Foley, AL",30.497478,-87.880258,POINT,37.19,NEIGHBORHOOD,500 M TO 4KM,SLAMS,Al Dept Of Env Mgt,POPULATION EXPOSURE,Y,,10,
2023-02-15,010030010,3,5.8,Micrograms/cubic meter (LC),32,"FAIRHOPE, Alabama",1,100,88101,PM2.5 - Local Conditions,209,Met One BAM-1022 Mass Monitor w/ VSCC or TE-PM2.5C - Beta Attenuation,19300,"Daphne-Fairhope-Foley, AL",30.497478,-87.880258,POINT,37.19,NEIGHBORHOOD,500 M TO 4KM,SLAMS,Al Dept Of Env Mgt,POPULATION EXPOSURE,Y,,10,
2023-02-16,010030010,3,10,Micrograms/cubic meter (LC),53,"FAIRHOPE, Alabama",1,100,88101,PM2.5 - Local Conditions,209,Met One BAM-1022 Mass Monitor w/ VSCC or TE-PM2.5C - Beta Attenuation,19300,"Daphne-Fairhope-Foley, AL",30.497478,-87.880258,POINT,37.19,NEIGHBORHOOD,500 M TO 4KM,SLAMS,Al Dept Of Env Mgt,POPULATION EXPOSURE,Y,,10,
2023-02-17,010030010,3,4,Micrograms/cubic meter (LC),22,"FAIRHOPE, Alabama",1,100,88101,PM2.5 - Local Conditions,209,Met One BAM-1022 Mass Monitor w/ VSCC or TE-PM2.5C - Beta Attenuation,19300,"Daphne-Fairhope-Foley, AL",30.497478,-87.880258,POINT,37.19,NEIGHBORHOOD,500 M TO 4KM,SLAMS,Al Dept Of Env Mgt,POPULATION EXPOSURE,Y,,10,
2023-02-18,010030010,3,6.3,Micrograms/cubic meter (LC),35,"FAIRHOPE, Alabama",1,100,88101,PM2.5 - Local Conditions,209,Met One BAM-1022 Mass Monitor w/ VSCC or TE-PM2.5C - Beta Attenuation,19300,"Daphne-Fairhope-Foley, AL",30.497478,-87.880258,POINT,37.19,NEIGHBORHOOD,500 M TO 4KM,SLAMS,Al Dept Of Env Mgt,POPULATION EXPOSURE,Y,,10,
2023-02-19,010030010,3,10.2,Micrograms/cubic meter (LC),53,"FAIRHOPE, Alabama",1,100,88101,PM2.5 - Local Conditions,209,Met One BAM-1022 Mass Monitor w/ VSCC or TE-PM2.5C - Beta Attenuation,19300,"Daphne-Fairhope-Foley, AL",30.497478,-87.880258,POINT,37.19,NEIGHBORHOOD,500 M TO 4KM,SLAMS,Al Dept Of Env Mgt,POPULATION EXPOSURE,Y,,10,
2023-02-20,010030010,3,5.4,Micrograms/cubic meter (LC),30,"FAIRHOPE, Alabama",1,100,88101,PM2.5 - Local Conditions,209,Met One BAM-1022 Mass Monitor w/ VSCC or TE-PM2.5C - Beta Attenuation,19300,"Daphne-Fairhope-Foley, AL",30.497478,-87.880258,POINT,37.19,NEIGHBORHOOD,500 M TO 4KM,SLAMS,Al Dept Of Env Mgt,POPULATION EXPOSURE,Y,,10,
2023-02-21,010030010,3,5,Micrograms/cubic meter (LC),28,"FAIRHOPE, Alabama",1,100,88101,PM2.5 - Local Conditions,209,Met One BAM-1022 Mass Monitor w/ VSCC or TE-PM2.5C - Beta Attenuation,19300,"Daphne-Fairhope-Foley, AL",30.497478,-87.880258,POINT,37.19,NEIGHBORHOOD,500 M TO 4KM,SLAMS,Al Dept Of Env Mgt,POPULATION EXPOSURE,Y,,10,
2023-02-22,010030010,3,10.9,Micrograms/cubic meter (LC),54,"FAIRHOPE, Alabama",1,100,88101,PM2.5 - Local Conditions,209,Met One BAM-1022 Mass Monitor w/ VSCC or TE-PM2.5C - Beta Attenuation,19300,"Daphne-Fairhope-Foley, AL",30.497478,-87.880258,POINT,37.19,NEIGHBORHOOD,500 M TO 4KM,SLAMS,Al Dept Of Env Mgt,POPULATION EXPOSURE,Y,,10,
2023-02-23,010030010,3,7.7,Micrograms/cubic meter (LC),43,"FAIRHOPE, Alabama",1,100,88101,PM2.5 - Local Conditions,209,Met One BAM-1022 Mass Monitor w/ VSCC or TE-PM2.5C - Beta Attenuation,19300,"Daphne-Fairhope-Foley, AL",30.497478,-87.880258,POINT,37.19,NEIGHBORHOOD,500 M TO 4KM,SLAMS,Al Dept Of Env Mgt,POPULATION EXPOSURE,Y,,10,
2023-02-24,010030010,3,6.8,Micrograms/cubic meter (LC),38,"FAIRHOPE, Alabama",1,100,88101,PM2.5 - Local Conditions,209,Met One BAM-1022 Mass Monitor w/ VSCC or TE-PM2.5C - Beta Attenuation,19300,"Daphne-Fairhope-Foley, AL",30.497478,-87.880258,POINT,37.19,NEIGHBORHOOD,500 M TO 4KM,SLAMS,Al Dept Of Env Mgt,POPULATION EXPOSURE,Y,,10,
2023-02-25,010030010,3,12.4,Micrograms/cubic meter (LC),57,"FAIRHOPE, Alabama",1,100,88101,PM2.5 - Local Conditions,209,Met One BAM-1022 Mass Monitor w/ VSCC or TE-PM2.5C - Beta Attenuation,19300,"Daphne-Fairhope-Foley, AL",30.497478,-87.880258,POINT,37.19,NEIGHBORHOOD,500 M TO 4KM,SLAMS,Al Dept Of Env Mgt,POPULATION EXPOSURE,Y,,10,
2023-02-26,010030010,3,8.1,Micrograms/cubic meter (LC),45,"FAIRHOPE, Alabama",1,100,88101,PM2.5 - Local Conditions,209,Met One BAM-1022 Mass Monitor w/ VSCC or TE-PM2.5C - Beta Attenuation,19300,"Daphne-Fairhope-Foley, AL",30.497478,-87.880258,POINT,37.19,NEIGHBORHOOD,500 M TO 4KM,SLAMS,Al Dept Of Env Mgt,POPULATION EXPOSURE,Y,,10,
2023-02-27,010030010,3,10,Micrograms/cubic meter (LC),53,"FAIRHOPE, Alabama",1,100,88101,PM2.5 - Local Conditions,209,Met One BAM-1022 Mass Monitor w/ VSCC or TE-PM2.5C - Beta Attenuation,19300,"Daphne-Fairhope-Foley, AL",30.497478,-87.880258,POINT,37.19,NEIGHBORHOOD,500 M TO 4KM,SLAMS,Al Dept Of Env Mgt,POPULATION EXPOSURE,Y,,10,
2023-02-28,010030010,3,13.7,Micrograms/cubic meter (LC),60,"FAIRHOPE, Alabama",1,100,88101,PM2.5 - Local Conditions,209,Met One BAM-1022 Mass Monitor w/ VSCC or TE-PM2.5C - Beta Attenuation,19300,"Daphne-Fairhope-Foley, AL",30.497478,-87.880258,POINT,37.19,NEIGHBORHOOD,500 M TO 4KM,SLAMS,Al Dept Of Env Mgt,POPULATION EXPOSURE,Y,,10,
2023-03-01,010030010,3,8.7,Micrograms/cubic meter (LC),48,"FAIRHOPE, Alabama",1,100,88101,PM2.5 - Local Conditions,209,Met One BAM-1022 Mass Monitor w/ VSCC or TE-PM2.5C - Beta Attenuation,19300,"Daphne-Fairhope-Foley, AL",30.497478,-87.880258,POINT,37.19,NEIGHBORHOOD,500 M TO 4KM,SLAMS,Al Dept Of Env Mgt,POPULATION EXPOSURE,Y,,10,
2023-03-02,010030010,3,11,Micrograms/cubic meter (LC),55,"FAIRHOPE, Alabama",1,100,88101,PM2.5 - Local Conditions,209,Met One BAM-1022 Mass Monitor w/ VSCC or TE-PM2.5C - Beta Attenuation,19300,"Daphne-Fairhope-Foley, AL",30.497478,-87.880258,POINT,37.19,NEIGHBORHOOD,500 M TO 4KM,SLAMS,Al Dept Of Env Mgt,POPULATION EXPOSURE,Y,,10,
2023-03-03,010030010,3,14,Micrograms/cubic meter (LC),60,"FAIRHOPE, Alabama",1,100,88101,PM2.5 - Local Conditions,209,Met One BAM-1022 Mass Monitor w/ VSCC or TE-PM2.5C - Beta Attenuation,19300,"Daphne-Fairhope-Foley, AL",30.497478,-87.880258,POINT,37.19,NEIGHBORHOOD,500 M TO 4KM,SLAMS,Al Dept Of Env Mgt,POPULATION EXPOSURE,Y,,10,
2023-03-04,010030010,3,7.1,Micrograms/cubic meter (LC),39,"FAIRHOPE, Alabama",1,100,88101,PM2.5 - Local Conditions,209,Met One BAM-1022 Mass Monitor w/ VSCC or TE-PM2.5C - Beta Attenuation,19300,"Daphne-Fairhope-Foley, AL",30.497478,-87.880258,POINT,37.19,NEIGHBORHOOD,500 M TO 4KM,SLAMS,Al Dept Of Env Mgt,POPULATION EXPOSURE,Y,,10,
2023-03-05,010030010,3,13,Micrograms/cubic meter (LC),58,"FAIRHOPE, Alabama",1,100,88101,PM2.5 - Local Conditions,209,Met One BAM-1022 Mass Monitor w/ VSCC or TE-PM2.5C - Beta Attenuation,19300,"Daphne-Fairhope-Foley, AL",30.497478,-87.880258,POINT,37.19,NEIGHBORHOOD,500 M TO 4KM,SLAMS,Al Dept Of Env Mgt,POPULATION EXPOSURE,Y,,10,
2023-03-06,010030010,3,12.8,Micrograms/cubic meter (LC),58,"FAIRHOPE, Alabama",1,100,88101,PM2.5 - Local Conditions,209,Met One BAM-1022 Mass Monitor w/ VSCC or TE-PM2.5C - Beta Attenuation,19300,"Daphne-Fairhope-Foley, AL",30.497478,-87.880258,POINT,37.19,NEIGHBORHOOD,500 M TO 4KM,SLAMS,Al Dept Of Env Mgt,POPULATION EXPOSURE,Y,,10,
2023-03-07,010030010,3,8.9,Micrograms/cubic meter (LC),49,"FAIRHOPE, Alabama",1,100,88101,PM2.5 - Local Conditions,209,Met One BAM-1022 Mass Monitor w/ VSCC or TE-PM2.5C - Beta Attenuation,19300,"Daphne-Fairhope-Foley, AL",30.497478,-87.880258,POINT,37.19,NEIGHBORHOOD,500 M TO 4KM,SLAMS,Al Dept Of Env Mgt,POPULATION EXPOSURE,Y,,10,
2023-03-08,010030010,3,16.2,Micrograms/cubic meter (LC),64,"FAIRHOPE, Alabama",1,100,88101,PM2.5 - Local Conditions,209,Met One BAM-1022 Mass Monitor w/ VSCC or TE-PM2.5C - Beta Attenuation,19300,"Daphne-Fairhope-Foley, AL",30.497478,-87.880258,POINT,37.19,NEIGHBORHOOD,500 M TO 4KM,SLAMS,Al Dept Of Env Mgt,POPULATION EXPOSURE,Y,,10,
2023-03-09,010030010,3,13.9,Micrograms/cubic meter (LC),60,"FAIRHOPE, Alabama",1,100,88101,PM2.5 - Local Conditions,209,Met One BAM-1022 Mass Monitor w/ VSCC or TE-PM2.5C - Beta Attenuation,19300,"Daphne-Fairhope-Foley, AL",30.497478,-87.880258,POINT,37.19,NEIGHBORHOOD,500 M TO 4KM,SLAMS,Al Dept Of Env Mgt,POPULATION EXPOSURE,Y,,10,
2023-03-10,010030010,3,10.3,Micrograms/cubic meter (LC),53,"FAIRHOPE, Alabama",1,100,88101,PM2.5 - Local Conditions,209,Met One BAM-1022 Mass Monitor w/ VSCC or TE-PM2.5C - Beta Attenuation,19300,"Daphne-Fairhope-Foley, AL",30.497478,-87.880258,POINT,37.19,NEIGHBORHOOD,500 M TO 4KM,SLAMS,Al Dept Of Env Mgt,POPULATION EXPOSURE,Y,,10,
2023-03-11,010030010,3,7.7,Micrograms/cubic meter (LC),43,"FAIRHOPE, Alabama",1,100,88101,PM2.5 - Local Conditions,209,Met One BAM-1022 Mass Monitor w/ VSCC or TE-PM2.5C - Beta Attenuation,19300,"Daphne-Fairhope-Foley, AL",30.497478,-87.880258,POINT,37.19,NEIGHBORHOOD,500 M TO 4KM,SLAMS,Al Dept Of Env Mgt,POPULATION EXPOSURE,Y,,10,
2023-03-12,010030010,3,7,Micrograms/cubic meter (LC),39,"FAIRHOPE, Alabama",1,100,88101,PM2.5 - Local Conditions,209,Met One BAM-1022 Mass Monitor w/ VSCC or TE-PM2.5C - Beta Attenuation,19300,"Daphne-Fairhope-Foley, AL",30.497478,-87.880258,POINT,37.19,NEIGHBORHOOD,500 M TO 4KM,SLAMS,Al Dept Of Env Mgt,POPULATION EXPOSURE,Y,,10,
2023-03-13,010030010,3,2.6,Micrograms/cubic meter (LC),14,"FAIRHOPE, Alabama",1,100,88101,PM2.5 - Local Conditions,209,Met One BAM-1022 Mass Monitor w/ VSCC or TE-PM2.5C - Beta Attenuation,19300,"Daphne-Fairhope-Foley, AL",30.497478,-87.880258,POINT,37.19,NEIGHBORHOOD,500 M TO 4KM,SLAMS,Al Dept Of Env Mgt,POPULATION EXPOSURE,Y,,10,
2023-03-14,010030010,3,5.5,Micrograms/cubic meter (LC),31,"FAIRHOPE, Alabama",1,100,88101,PM2.5 - Local Conditions,209,Met One BAM-1022 Mass Monitor w/ VSCC or TE-PM2.5C - Beta Attenuation,19300,"Daphne-Fairhope-Foley, AL",30.497478,-87.880258,POINT,37.19,NEIGHBORHOOD,500 M TO 4KM,SLAMS,Al Dept Of Env Mgt,POPULATION EXPOSURE,Y,,10,
2023-03-15,010030010,3,5.9,Micrograms/cubic meter (LC),33,"FAIRHOPE, Alabama",1,100,88101,PM2.5 - Local Conditions,209,Met One BAM-1022 Mass Monitor w/ VSCC or TE-PM2.5C - Beta Attenuation,19300,"Daphne-Fairhope-Foley, AL",30.497478,-87.880258,POINT,37.19,NEIGHBORHOOD,500 M TO 4KM,SLAMS,Al Dept Of Env Mgt,POPULATION EXPOSURE,Y,,10,
2023-03-16,010030010,3,8.1,Micrograms/cubic meter (LC),45,"FAIRHOPE, Alabama",1,100,88101,PM2.5 - Local Conditions,209,Met One BAM-1022 Mass Monitor w/ VSCC or TE-PM2.5C - Beta Attenuation,19300,"Daphne-Fairhope-Foley, AL",30.497478,-87.880258,POINT,37.19,NEIGHBORHOOD,500 M TO 4KM,SLAMS,Al Dept Of Env Mgt,POPULATION EXPOSURE,Y,,10,
2023-03-17,010030010,3,3.5,Micrograms/cubic meter (LC),19,"FAIRHOPE, Alabama",1,100,88101,PM2.5 - Local Conditions,209,Met One BAM-1022 Mass Monitor w/ VSCC or TE-PM2.5C - Beta Attenuation,19300,"Daphne-Fairhope-Foley, AL",30.497478,-87.880258,POINT,37.19,NEIGHBORHOOD,500 M TO 4KM,SLAMS,Al Dept Of Env Mgt,POPULATION EXPOSURE,Y,,10,
2023-03-21,010030010,3,15.1,Micrograms/cubic meter (LC),62,"FAIRHOPE, Alabama",1,100,88101,PM2.5 - Local Conditions,209,Met One BAM-1022 Mass Monitor w/ VSCC or TE-PM2.5C - Beta Attenuation,19300,"Daphne-Fairhope-Foley, AL",30.497478,-87.880258,POINT,37.19,NEIGHBORHOOD,500 M TO 4KM,SLAMS,Al Dept Of Env Mgt,POPULATION EXPOSURE,Y,,10,
2023-03-22,010030010,3,7.9,Micrograms/cubic meter (LC),44,"FAIRHOPE, Alabama",1,100,88101,PM2.5 - Local Conditions,209,Met One BAM-1022 Mass Monitor w/ VSCC or TE-PM2.5C - Beta Attenuation,19300,"Daphne-Fairhope-Foley, AL",30.497478,-87.880258,POINT,37.19,NEIGHBORHOOD,500 M TO 4KM,SLAMS,Al Dept Of Env Mgt,POPULATION EXPOSURE,Y,,10,
2023-03-23,010030010,3,7.8,Micrograms/cubic meter (LC),43,"FAIRHOPE, Alabama",1,100,88101,PM2.5 - Local Conditions,209,Met One BAM-1022 Mass Monitor w/ VSCC or TE-PM2.5C - Beta Attenuation,19300,"Daphne-Fairhope-Foley, AL",30.497478,-87.880258,POINT,37.19,NEIGHBORHOOD,500 M TO 4KM,SLAMS,Al Dept Of Env Mgt,POPULATION EXPOSURE,Y,,10,
2023-03-24,010030010,3,5.6,Micrograms/cubic meter (LC),31,"FAIRHOPE, Alabama",1,100,88101,PM2.5 - Local Conditions,209,Met One BAM-1022 Mass Monitor w/ VSCC or TE-PM2.5C - Beta Attenuation,19300,"Daphne-Fairhope-Foley, AL",30.497478,-87.880258,POINT,37.19,NEIGHBORHOOD,500 M TO 4KM,SLAMS,Al Dept Of Env Mgt,POPULATION EXPOSURE,Y,,10,
2023-03-25,010030010,3,5.6,Micrograms/cubic meter (LC),31,"FAIRHOPE, Alabama",1,100,88101,PM2.5 - Local Conditions,209,Met One BAM-1022 Mass Monitor w/ VSCC or TE-PM2.5C - Beta Attenuation,19300,"Daphne-Fairhope-Foley, AL",30.497478,-87.880258,POINT,37.19,NEIGHBORHOOD,500 M TO 4KM,SLAMS,Al Dept Of Env Mgt,POPULATION EXPOSURE,Y,,10,
2023-03-26,010030010,3,6.4,Micrograms/cubic meter (LC),36,"FAIRHOPE, Alabama",1,100,88101,PM2.5 - Local Conditions,209,Met One BAM-1022 Mass Monitor w/ VSCC or TE-PM2.5C - Beta Attenuation,19300,"Daphne-Fairhope-Foley, AL",30.497478,-87.880258,POINT,37.19,NEIGHBORHOOD,500 M TO 4KM,SLAMS,Al Dept Of Env Mgt,POPULATION EXPOSURE,Y,,10,
2023-03-27,010030010,3,5.1,Micrograms/cubic meter (LC),28,"FAIRHOPE, Alabama",1,100,88101,PM2.5 - Local Conditions,209,Met One BAM-1022 Mass Monitor w/ VSCC or TE-PM2.5C - Beta Attenuation,19300,"Daphne-Fairhope-Foley, AL",30.497478,-87.880258,POINT,37.19,NEIGHBORHOOD,500 M TO 4KM,SLAMS,Al Dept Of Env Mgt,POPULATION EXPOSURE,Y,,10,
2023-03-28,010030010,3,5.6,Micrograms/cubic meter (LC),31,"FAIRHOPE, Alabama",1,100,88101,PM2.5 - Local Conditions,209,Met One BAM-1022 Mass Monitor w/ VSCC or TE-PM2.5C - Beta Attenuation,19300,"Daphne-Fairhope-Foley, AL",30.497478,-87.880258,POINT,37.19,NEIGHBORHOOD,500 M TO 4KM,SLAMS,Al Dept Of Env Mgt,POPULATION EXPOSURE,Y,,10,
2023-03-29,010030010,3,5.8,Micrograms/cubic meter (LC),32,"FAIRHOPE, Alabama",1,100,88101,PM2.5 - Local Conditions,209,Met One BAM-1022 Mass Monitor w/ VSCC or TE-PM2.5C - Beta Attenuation,19300,"Daphne-Fairhope-Foley, AL",30.497478,-87.880258,POINT,37.19,NEIGHBORHOOD,500 M TO 4KM,SLAMS,Al Dept Of Env Mgt,POPULATION EXPOSURE,Y,,10,
2023-03-30,010030010,3,10.5,Micrograms/cubic meter (LC),54,"FAIRHOPE, Alabama",1,100,88101,PM2.5 - Local Conditions,209,Met One BAM-1022 Mass Monitor w/ VSCC or TE-PM2.5C - Beta Attenuation,19300,"Daphne-Fairhope-Foley, AL",30.497478,-87.880258,POINT,37.19,NEIGHBORHOOD,500 M TO 4KM,SLAMS,Al Dept Of Env Mgt,POPULATION EXPOSURE,Y,,10,
2023-03-31,010030010,3,11.6,Micrograms/cubic meter (LC),56,"FAIRHOPE, Alabama",1,100,88101,PM2.5 - Local Conditions,209,Met One BAM-1022 Mass Monitor w/ VSCC or TE-PM2.5C - Beta Attenuation,19300,"Daphne-Fairhope-Foley, AL",30.497478,-87.880258,POINT,37.19,NEIGHBORHOOD,500 M TO 4KM,SLAMS,Al Dept Of Env Mgt,POPULATION EXPOSURE,Y,,10,
2023-04-01,010030010,3,7.4,Micrograms/cubic meter (LC),41,"FAIRHOPE, Alabama",1,100,88101,PM2.5 - Local Conditions,209,Met One BAM-1022 Mass Monitor w/ VSCC or TE-PM2.5C - Beta Attenuation,19300,"Daphne-Fairhope-Foley, AL",30.497478,-87.880258,POINT,37.19,NEIGHBORHOOD,500 M TO 4KM,SLAMS,Al Dept Of Env Mgt,POPULATION EXPOSURE,Y,,10,
2023-04-02,010030010,3,7.3,Micrograms/cubic meter (LC),41,"FAIRHOPE, Alabama",1,100,88101,PM2.5 - Local Conditions,209,Met One BAM-1022 Mass Monitor w/ VSCC or TE-PM2.5C - Beta Attenuation,19300,"Daphne-Fairhope-Foley, AL",30.497478,-87.880258,POINT,37.19,NEIGHBORHOOD,500 M TO 4KM,SLAMS,Al Dept Of Env Mgt,POPULATION EXPOSURE,Y,,10,
2023-04-03,010030010,3,9.5,Micrograms/cubic meter (LC),52,"FAIRHOPE, Alabama",1,100,88101,PM2.5 - Local Conditions,209,Met One BAM-1022 Mass Monitor w/ VSCC or TE-PM2.5C - Beta Attenuation,19300,"Daphne-Fairhope-Foley, AL",30.497478,-87.880258,POINT,37.19,NEIGHBORHOOD,500 M TO 4KM,SLAMS,Al Dept Of Env Mgt,POPULATION EXPOSURE,Y,,10,
2023-04-04,010030010,3,10.7,Micrograms/cubic meter (LC),54,"FAIRHOPE, Alabama",1,100,88101,PM2.5 - Local Conditions,209,Met One BAM-1022 Mass Monitor w/ VSCC or TE-PM2.5C - Beta Attenuation,19300,"Daphne-Fairhope-Foley, AL",30.497478,-87.880258,POINT,37.19,NEIGHBORHOOD,500 M TO 4KM,SLAMS,Al Dept Of Env Mgt,POPULATION EXPOSURE,Y,,10,
2023-04-05,010030010,3,6,Micrograms/cubic meter (LC),33,"FAIRHOPE, Alabama",1,100,88101,PM2.5 - Local Conditions,209,Met One BAM-1022 Mass Monitor w/ VSCC or TE-PM2.5C - Beta Attenuation,19300,"Daphne-Fairhope-Foley, AL",30.497478,-87.880258,POINT,37.19,NEIGHBORHOOD,500 M TO 4KM,SLAMS,Al Dept Of Env Mgt,POPULATION EXPOSURE,Y,,10,
2023-04-06,010030010,3,4,Micrograms/cubic meter (LC),22,"FAIRHOPE, Alabama",1,100,88101,PM2.5 - Local Conditions,209,Met One BAM-1022 Mass Monitor w/ VSCC or TE-PM2.5C - Beta Attenuation,19300,"Daphne-Fairhope-Foley, AL",30.497478,-87.880258,POINT,37.19,NEIGHBORHOOD,500 M TO 4KM,SLAMS,Al Dept Of Env Mgt,POPULATION EXPOSURE,Y,,10,
2023-04-07,010030010,3,5.6,Micrograms/cubic meter (LC),31,"FAIRHOPE, Alabama",1,100,88101,PM2.5 - Local Conditions,209,Met One BAM-1022 Mass Monitor w/ VSCC or TE-PM2.5C - Beta Attenuation,19300,"Daphne-Fairhope-Foley, AL",30.497478,-87.880258,POINT,37.19,NEIGHBORHOOD,500 M TO 4KM,SLAMS,Al Dept Of Env Mgt,POPULATION EXPOSURE,Y,,10,
2023-04-08,010030010,3,4.3,Micrograms/cubic meter (LC),24,"FAIRHOPE, Alabama",1,100,88101,PM2.5 - Local Conditions,209,Met One BAM-1022 Mass Monitor w/ VSCC or TE-PM2.5C - Beta Attenuation,19300,"Daphne-Fairhope-Foley, AL",30.497478,-87.880258,POINT,37.19,NEIGHBORHOOD,500 M TO 4KM,SLAMS,Al Dept Of Env Mgt,POPULATION EXPOSURE,Y,,10,
2023-04-09,010030010,3,0.4,Micrograms/cubic meter (LC),2,"FAIRHOPE, Alabama",1,100,88101,PM2.5 - Local Conditions,209,Met One BAM-1022 Mass Monitor w/ VSCC or TE-PM2.5C - Beta Attenuation,19300,"Daphne-Fairhope-Foley, AL",30.497478,-87.880258,POINT,37.19,NEIGHBORHOOD,500 M TO 4KM,SLAMS,Al Dept Of Env Mgt,POPULATION EXPOSURE,Y,,10,
2023-04-10,010030010,3,3.7,Micrograms/cubic meter (LC),21,"FAIRHOPE, Alabama",1,100,88101,PM2.5 - Local Conditions,209,Met One BAM-1022 Mass Monitor w/ VSCC or TE-PM2.5C - Beta Attenuation,19300,"Daphne-Fairhope-Foley, AL",30.497478,-87.880258,POINT,37.19,NEIGHBORHOOD,500 M TO 4KM,SLAMS,Al Dept Of Env Mgt,POPULATION EXPOSURE,Y,,10,
2023-04-11,010030010,3,5.5,Micrograms/cubic meter (LC),31,"FAIRHOPE, Alabama",1,100,88101,PM2.5 - Local Conditions,209,Met One BAM-1022 Mass Monitor w/ VSCC or TE-PM2.5C - Beta Attenuation,19300,"Daphne-Fairhope-Foley, AL",30.497478,-87.880258,POINT,37.19,NEIGHBORHOOD,500 M TO 4KM,SLAMS,Al Dept Of Env Mgt,POPULATION EXPOSURE,Y,,10,
2023-04-12,010030010,3,5.1,Micrograms/cubic meter (LC),28,"FAIRHOPE, Alabama",1,100,88101,PM2.5 - Local Conditions,209,Met One BAM-1022 Mass Monitor w/ VSCC or TE-PM2.5C - Beta Attenuation,19300,"Daphne-Fairhope-Foley, AL",30.497478,-87.880258,POINT,37.19,NEIGHBORHOOD,500 M TO 4KM,SLAMS,Al Dept Of Env Mgt,POPULATION EXPOSURE,Y,,10,
2023-04-13,010030010,3,4.2,Micrograms/cubic meter (LC),23,"FAIRHOPE, Alabama",1,100,88101,PM2.5 - Local Conditions,209,Met One BAM-1022 Mass Monitor w/ VSCC or TE-PM2.5C - Beta Attenuation,19300,"Daphne-Fairhope-Foley, AL",30.497478,-87.880258,POINT,37.19,NEIGHBORHOOD,500 M TO 4KM,SLAMS,Al Dept Of Env Mgt,POPULATION EXPOSURE,Y,,10,
2023-04-14,010030010,3,5.2,Micrograms/cubic meter (LC),29,"FAIRHOPE, Alabama",1,100,88101,PM2.5 - Local Conditions,209,Met One BAM-1022 Mass Monitor w/ VSCC or TE-PM2.5C - Beta Attenuation,19300,"Daphne-Fairhope-Foley, AL",30.497478,-87.880258,POINT,37.19,NEIGHBORHOOD,500 M TO 4KM,SLAMS,Al Dept Of Env Mgt,POPULATION EXPOSURE,Y,,10,
2023-04-15,010030010,3,5.1,Micrograms/cubic meter (LC),28,"FAIRHOPE, Alabama",1,100,88101,PM2.5 - Local Conditions,209,Met One BAM-1022 Mass Monitor w/ VSCC or TE-PM2.5C - Beta Attenuation,19300,"Daphne-Fairhope-Foley, AL",30.497478,-87.880258,POINT,37.19,NEIGHBORHOOD,500 M TO 4KM,SLAMS,Al Dept Of Env Mgt,POPULATION EXPOSURE,Y,,10,
2023-04-16,010030010,3,3.1,Micrograms/cubic meter (LC),17,"FAIRHOPE, Alabama",1,100,88101,PM2.5 - Local Conditions,209,Met One BAM-1022 Mass Monitor w/ VSCC or TE-PM2.5C - Beta Attenuation,19300,"Daphne-Fairhope-Foley, AL",30.497478,-87.880258,POINT,37.19,NEIGHBORHOOD,500 M TO 4KM,SLAMS,Al Dept Of Env Mgt,POPULATION EXPOSURE,Y,,10,
2023-04-17,010030010,3,3.1,Micrograms/cubic meter (LC),17,"FAIRHOPE, Alabama",1,100,88101,PM2.5 - Local Conditions,209,Met One BAM-1022 Mass Monitor w/ VSCC or TE-PM2.5C - Beta Attenuation,19300,"Daphne-Fairhope-Foley, AL",30.497478,-87.880258,POINT,37.19,NEIGHBORHOOD,500 M TO 4KM,SLAMS,Al Dept Of Env Mgt,POPULATION EXPOSURE,Y,,10,
2023-04-18,010030010,3,7.1,Micrograms/cubic meter (LC),39,"FAIRHOPE, Alabama",1,100,88101,PM2.5 - Local Conditions,209,Met One BAM-1022 Mass Monitor w/ VSCC or TE-PM2.5C - Beta Attenuation,19300,"Daphne-Fairhope-Foley, AL",30.497478,-87.880258,POINT,37.19,NEIGHBORHOOD,500 M TO 4KM,SLAMS,Al Dept Of Env Mgt,POPULATION EXPOSURE,Y,,10,
2023-04-19,010030010,3,13.1,Micrograms/cubic meter (LC),58,"FAIRHOPE, Alabama",1,100,88101,PM2.5 - Local Conditions,209,Met One BAM-1022 Mass Monitor w/ VSCC or TE-PM2.5C - Beta Attenuation,19300,"Daphne-Fairhope-Foley, AL",30.497478,-87.880258,POINT,37.19,NEIGHBORHOOD,500 M TO 4KM,SLAMS,Al Dept Of Env Mgt,POPULATION EXPOSURE,Y,,10,
2023-04-20,010030010,3,8,Micrograms/cubic meter (LC),44,"FAIRHOPE, Alabama",1,100,88101,PM2.5 - Local Conditions,209,Met One BAM-1022 Mass Monitor w/ VSCC or TE-PM2.5C - Beta Attenuation,19300,"Daphne-Fairhope-Foley, AL",30.497478,-87.880258,POINT,37.19,NEIGHBORHOOD,500 M TO 4KM,SLAMS,Al Dept Of Env Mgt,POPULATION EXPOSURE,Y,,10,
2023-04-21,010030010,3,8.4,Micrograms/cubic meter (LC),47,"FAIRHOPE, Alabama",1,100,88101,PM2.5 - Local Conditions,209,Met One BAM-1022 Mass Monitor w/ VSCC or TE-PM2.5C - Beta Attenuation,19300,"Daphne-Fairhope-Foley, AL",30.497478,-87.880258,POINT,37.19,NEIGHBORHOOD,500 M TO 4KM,SLAMS,Al Dept Of Env Mgt,POPULATION EXPOSURE,Y,,10,
2023-04-22,010030010,3,4.9,Micrograms/cubic meter (LC),27,"FAIRHOPE, Alabama",1,100,88101,PM2.5 - Local Conditions,209,Met One BAM-1022 Mass Monitor w/ VSCC or TE-PM2.5C - Beta Attenuation,19300,"Daphne-Fairhope-Foley, AL",30.497478,-87.880258,POINT,37.19,NEIGHBORHOOD,500 M TO 4KM,SLAMS,Al Dept Of Env Mgt,POPULATION EXPOSURE,Y,,10,
2023-04-23,010030010,3,5.9,Micrograms/cubic meter (LC),33,"FAIRHOPE, Alabama",1,100,88101,PM2.5 - Local Conditions,209,Met One BAM-1022 Mass Monitor w/ VSCC or TE-PM2.5C - Beta Attenuation,19300,"Daphne-Fairhope-Foley, AL",30.497478,-87.880258,POINT,37.19,NEIGHBORHOOD,500 M TO 4KM,SLAMS,Al Dept Of Env Mgt,POPULATION EXPOSURE,Y,,10,
2023-04-24,010030010,3,8.7,Micrograms/cubic meter (LC),48,"FAIRHOPE, Alabama",1,100,88101,PM2.5 - Local Conditions,209,Met One BAM-1022 Mass Monitor w/ VSCC or TE-PM2.5C - Beta Attenuation,19300,"Daphne-Fairhope-Foley, AL",30.497478,-87.880258,POINT,37.19,NEIGHBORHOOD,500 M TO 4KM,SLAMS,Al Dept Of Env Mgt,POPULATION EXPOSURE,Y,,10,
2023-04-25,010030010,3,12.8,Micrograms/cubic meter (LC),58,"FAIRHOPE, Alabama",1,100,88101,PM2.5 - Local Conditions,209,Met One BAM-1022 Mass Monitor w/ VSCC or TE-PM2.5C - Beta Attenuation,19300,"Daphne-Fairhope-Foley, AL",30.497478,-87.880258,POINT,37.19,NEIGHBORHOOD,500 M TO 4KM,SLAMS,Al Dept Of Env Mgt,POPULATION EXPOSURE,Y,,10,
2023-04-26,010030010,3,14.2,Micrograms/cubic meter (LC),61,"FAIRHOPE, Alabama",1,100,88101,PM2.5 - Local Conditions,209,Met One BAM-1022 Mass Monitor w/ VSCC or TE-PM2.5C - Beta Attenuation,19300,"Daphne-Fairhope-Foley, AL",30.497478,-87.880258,POINT,37.19,NEIGHBORHOOD,500 M TO 4KM,SLAMS,Al Dept Of Env Mgt,POPULATION EXPOSURE,Y,,10,
2023-04-27,010030010,3,6.3,Micrograms/cubic meter (LC),35,"FAIRHOPE, Alabama",1,100,88101,PM2.5 - Local Conditions,209,Met One BAM-1022 Mass Monitor w/ VSCC or TE-PM2.5C - Beta Attenuation,19300,"Daphne-Fairhope-Foley, AL",30.497478,-87.880258,POINT,37.19,NEIGHBORHOOD,500 M TO 4KM,SLAMS,Al Dept Of Env Mgt,POPULATION EXPOSURE,Y,,10,
2023-04-28,010030010,3,9,Micrograms/cubic meter (LC),50,"FAIRHOPE, Alabama",1,100,88101,PM2.5 - Local Conditions,209,Met One BAM-1022 Mass Monitor w/ VSCC or TE-PM2.5C - Beta Attenuation,19300,"Daphne-Fairhope-Foley, AL",30.497478,-87.880258,POINT,37.19,NEIGHBORHOOD,500 M TO 4KM,SLAMS,Al Dept Of Env Mgt,POPULATION EXPOSURE,Y,,10,
2023-04-29,010030010,3,8.2,Micrograms/cubic meter (LC),46,"FAIRHOPE, Alabama",1,100,88101,PM2.5 - Local Conditions,209,Met One BAM-1022 Mass Monitor w/ VSCC or TE-PM2.5C - Beta Attenuation,19300,"Daphne-Fairhope-Foley, AL",30.497478,-87.880258,POINT,37.19,NEIGHBORHOOD,500 M TO 4KM,SLAMS,Al Dept Of Env Mgt,POPULATION EXPOSURE,Y,,10,
2023-04-30,010030010,3,4.3,Micrograms/cubic meter (LC),24,"FAIRHOPE, Alabama",1,100,88101,PM2.5 - Local Conditions,209,Met One BAM-1022 Mass Monitor w/ VSCC or TE-PM2.5C - Beta Attenuation,19300,"Daphne-Fairhope-Foley, AL",30.497478,-87.880258,POINT,37.19,NEIGHBORHOOD,500 M TO 4KM,SLAMS,Al Dept Of Env Mgt,POPULATION EXPOSURE,Y,,10,
2023-05-01,010030010,3,5.8,Micrograms/cubic meter (LC),32,"FAIRHOPE, Alabama",1,100,88101,PM2.5 - Local Conditions,209,Met One BAM-1022 Mass Monitor w/ VSCC or TE-PM2.5C - Beta Attenuation,19300,"Daphne-Fairhope-Foley, AL",30.497478,-87.880258,POINT,37.19,NEIGHBORHOOD,500 M TO 4KM,SLAMS,Al Dept Of Env Mgt,POPULATION EXPOSURE,Y,,10,
2023-05-02,010030010,3,5.3,Micrograms/cubic meter (LC),29,"FAIRHOPE, Alabama",1,100,88101,PM2.5 - Local Conditions,209,Met One BAM-1022 Mass Monitor w/ VSCC or TE-PM2.5C - Beta Attenuation,19300,"Daphne-Fairhope-Foley, AL",30.497478,-87.880258,POINT,37.19,NEIGHBORHOOD,500 M TO 4KM,SLAMS,Al Dept Of Env Mgt,POPULATION EXPOSURE,Y,,10,
2023-05-03,010030010,3,7.8,Micrograms/cubic meter (LC),43,"FAIRHOPE, Alabama",1,100,88101,PM2.5 - Local Conditions,209,Met One BAM-1022 Mass Monitor w/ VSCC or TE-PM2.5C - Beta Attenuation,19300,"Daphne-Fairhope-Foley, AL",30.497478,-87.880258,POINT,37.19,NEIGHBORHOOD,500 M TO 4KM,SLAMS,Al Dept Of Env Mgt,POPULATION EXPOSURE,Y,,10,
2023-05-04,010030010,3,8.5,Micrograms/cubic meter (LC),47,"FAIRHOPE, Alabama",1,100,88101,PM2.5 - Local Conditions,209,Met One BAM-1022 Mass Monitor w/ VSCC or TE-PM2.5C - Beta Attenuation,19300,"Daphne-Fairhope-Foley, AL",30.497478,-87.880258,POINT,37.19,NEIGHBORHOOD,500 M TO 4KM,SLAMS,Al Dept Of Env Mgt,POPULATION EXPOSURE,Y,,10,
2023-05-05,010030010,3,6.8,Micrograms/cubic meter (LC),38,"FAIRHOPE, Alabama",1,100,88101,PM2.5 - Local Conditions,209,Met One BAM-1022 Mass Monitor w/ VSCC or TE-PM2.5C - Beta Attenuation,19300,"Daphne-Fairhope-Foley, AL",30.497478,-87.880258,POINT,37.19,NEIGHBORHOOD,500 M TO 4KM,SLAMS,Al Dept Of Env Mgt,POPULATION EXPOSURE,Y,,10,
2023-05-06,010030010,3,7.4,Micrograms/cubic meter (LC),41,"FAIRHOPE, Alabama",1,100,88101,PM2.5 - Local Conditions,209,Met One BAM-1022 Mass Monitor w/ VSCC or TE-PM2.5C - Beta Attenuation,19300,"Daphne-Fairhope-Foley, AL",30.497478,-87.880258,POINT,37.19,NEIGHBORHOOD,500 M TO 4KM,SLAMS,Al Dept Of Env Mgt,POPULATION EXPOSURE,Y,,10,
2023-05-07,010030010,3,6,Micrograms/cubic meter (LC),33,"FAIRHOPE, Alabama",1,100,88101,PM2.5 - Local Conditions,209,Met One BAM-1022 Mass Monitor w/ VSCC or TE-PM2.5C - Beta Attenuation,19300,"Daphne-Fairhope-Foley, AL",30.497478,-87.880258,POINT,37.19,NEIGHBORHOOD,500 M TO 4KM,SLAMS,Al Dept Of Env Mgt,POPULATION EXPOSURE,Y,,10,
2023-05-08,010030010,3,4.8,Micrograms/cubic meter (LC),27,"FAIRHOPE, Alabama",1,100,88101,PM2.5 - Local Conditions,209,Met One BAM-1022 Mass Monitor w/ VSCC or TE-PM2.5C - Beta Attenuation,19300,"Daphne-Fairhope-Foley, AL",30.497478,-87.880258,POINT,37.19,NEIGHBORHOOD,500 M TO 4KM,SLAMS,Al Dept Of Env Mgt,POPULATION EXPOSURE,Y,,10,
2023-05-09,010030010,3,5.5,Micrograms/cubic meter (LC),31,"FAIRHOPE, Alabama",1,100,88101,PM2.5 - Local Conditions,209,Met One BAM-1022 Mass Monitor w/ VSCC or TE-PM2.5C - Beta Attenuation,19300,"Daphne-Fairhope-Foley, AL",30.497478,-87.880258,POINT,37.19,NEIGHBORHOOD,500 M TO 4KM,SLAMS,Al Dept Of Env Mgt,POPULATION EXPOSURE,Y,,10,
2023-05-10,010030010,3,5,Micrograms/cubic meter (LC),28,"FAIRHOPE, Alabama",1,100,88101,PM2.5 - Local Conditions,209,Met One BAM-1022 Mass Monitor w/ VSCC or TE-PM2.5C - Beta Attenuation,19300,"Daphne-Fairhope-Foley, AL",30.497478,-87.880258,POINT,37.19,NEIGHBORHOOD,500 M TO 4KM,SLAMS,Al Dept Of Env Mgt,POPULATION EXPOSURE,Y,,10,
2023-05-11,010030010,3,6.4,Micrograms/cubic meter (LC),36,"FAIRHOPE, Alabama",1,100,88101,PM2.5 - Local Conditions,209,Met One BAM-1022 Mass Monitor w/ VSCC or TE-PM2.5C - Beta Attenuation,19300,"Daphne-Fairhope-Foley, AL",30.497478,-87.880258,POINT,37.19,NEIGHBORHOOD,500 M TO 4KM,SLAMS,Al Dept Of Env Mgt,POPULATION EXPOSURE,Y,,10,
2023-05-12,010030010,3,7.2,Micrograms/cubic meter (LC),40,"FAIRHOPE, Alabama",1,100,88101,PM2.5 - Local Conditions,209,Met One BAM-1022 Mass Monitor w/ VSCC or TE-PM2.5C - Beta Attenuation,19300,"Daphne-Fairhope-Foley, AL",30.497478,-87.880258,POINT,37.19,NEIGHBORHOOD,500 M TO 4KM,SLAMS,Al Dept Of Env Mgt,POPULATION EXPOSURE,Y,,10,
2023-05-13,010030010,3,5.5,Micrograms/cubic meter (LC),31,"FAIRHOPE, Alabama",1,100,88101,PM2.5 - Local Conditions,209,Met One BAM-1022 Mass Monitor w/ VSCC or TE-PM2.5C - Beta Attenuation,19300,"Daphne-Fairhope-Foley, AL",30.497478,-87.880258,POINT,37.19,NEIGHBORHOOD,500 M TO 4KM,SLAMS,Al Dept Of Env Mgt,POPULATION EXPOSURE,Y,,10,
2023-05-14,010030010,3,9,Micrograms/cubic meter (LC),50,"FAIRHOPE, Alabama",1,100,88101,PM2.5 - Local Conditions,209,Met One BAM-1022 Mass Monitor w/ VSCC or TE-PM2.5C - Beta Attenuation,19300,"Daphne-Fairhope-Foley, AL",30.497478,-87.880258,POINT,37.19,NEIGHBORHOOD,500 M TO 4KM,SLAMS,Al Dept Of Env Mgt,POPULATION EXPOSURE,Y,,10,
2023-05-15,010030010,3,10,Micrograms/cubic meter (LC),53,"FAIRHOPE, Alabama",1,100,88101,PM2.5 - Local Conditions,209,Met One BAM-1022 Mass Monitor w/ VSCC or TE-PM2.5C - Beta Attenuation,19300,"Daphne-Fairhope-Foley, AL",30.497478,-87.880258,POINT,37.19,NEIGHBORHOOD,500 M TO 4KM,SLAMS,Al Dept Of Env Mgt,POPULATION EXPOSURE,Y,,10,
2023-05-16,010030010,3,7.7,Micrograms/cubic meter (LC),43,"FAIRHOPE, Alabama",1,100,88101,PM2.5 - Local Conditions,209,Met One BAM-1022 Mass Monitor w/ VSCC or TE-PM2.5C - Beta Attenuation,19300,"Daphne-Fairhope-Foley, AL",30.497478,-87.880258,POINT,37.19,NEIGHBORHOOD,500 M TO 4KM,SLAMS,Al Dept Of Env Mgt,POPULATION EXPOSURE,Y,,10,
2023-05-17,010030010,3,6.9,Micrograms/cubic meter (LC),38,"FAIRHOPE, Alabama",1,100,88101,PM2.5 - Local Conditions,209,Met One BAM-1022 Mass Monitor w/ VSCC or TE-PM2.5C - Beta Attenuation,19300,"Daphne-Fairhope-Foley, AL",30.497478,-87.880258,POINT,37.19,NEIGHBORHOOD,500 M TO 4KM,SLAMS,Al Dept Of Env Mgt,POPULATION EXPOSURE,Y,,10,
2023-05-18,010030010,3,8.5,Micrograms/cubic meter (LC),47,"FAIRHOPE, Alabama",1,100,88101,PM2.5 - Local Conditions,209,Met One BAM-1022 Mass Monitor w/ VSCC or TE-PM2.5C - Beta Attenuation,19300,"Daphne-Fairhope-Foley, AL",30.497478,-87.880258,POINT,37.19,NEIGHBORHOOD,500 M TO 4KM,SLAMS,Al Dept Of Env Mgt,POPULATION EXPOSURE,Y,,10,
2023-05-19,010030010,3,7.3,Micrograms/cubic meter (LC),41,"FAIRHOPE, Alabama",1,100,88101,PM2.5 - Local Conditions,209,Met One BAM-1022 Mass Monitor w/ VSCC or TE-PM2.5C - Beta Attenuation,19300,"Daphne-Fairhope-Foley, AL",30.497478,-87.880258,POINT,37.19,NEIGHBORHOOD,500 M TO 4KM,SLAMS,Al Dept Of Env Mgt,POPULATION EXPOSURE,Y,,10,
2023-05-20,010030010,3,6.7,Micrograms/cubic meter (LC),37,"FAIRHOPE, Alabama",1,100,88101,PM2.5 - Local Conditions,209,Met One BAM-1022 Mass Monitor w/ VSCC or TE-PM2.5C - Beta Attenuation,19300,"Daphne-Fairhope-Foley, AL",30.497478,-87.880258,POINT,37.19,NEIGHBORHOOD,500 M TO 4KM,SLAMS,Al Dept Of Env Mgt,POPULATION EXPOSURE,Y,,10,
2023-05-21,010030010,3,5.9,Micrograms/cubic meter (LC),33,"FAIRHOPE, Alabama",1,100,88101,PM2.5 - Local Conditions,209,Met One BAM-1022 Mass Monitor w/ VSCC or TE-PM2.5C - Beta Attenuation,19300,"Daphne-Fairhope-Foley, AL",30.497478,-87.880258,POINT,37.19,NEIGHBORHOOD,500 M TO 4KM,SLAMS,Al Dept Of Env Mgt,POPULATION EXPOSURE,Y,,10,
2023-05-22,010030010,3,13.5,Micrograms/cubic meter (LC),59,"FAIRHOPE, Alabama",1,100,88101,PM2.5 - Local Conditions,209,Met One BAM-1022 Mass Monitor w/ VSCC or TE-PM2.5C - Beta Attenuation,19300,"Daphne-Fairhope-Foley, AL",30.497478,-87.880258,POINT,37.19,NEIGHBORHOOD,500 M TO 4KM,SLAMS,Al Dept Of Env Mgt,POPULATION EXPOSURE,Y,,10,
2023-05-23,010030010,3,5.9,Micrograms/cubic meter (LC),33,"FAIRHOPE, Alabama",1,100,88101,PM2.5 - Local Conditions,209,Met One BAM-1022 Mass Monitor w/ VSCC or TE-PM2.5C - Beta Attenuation,19300,"Daphne-Fairhope-Foley, AL",30.497478,-87.880258,POINT,37.19,NEIGHBORHOOD,500 M TO 4KM,SLAMS,Al Dept Of Env Mgt,POPULATION EXPOSURE,Y,,10,
2023-05-24,010030010,3,10,Micrograms/cubic meter (LC),53,"FAIRHOPE, Alabama",1,100,88101,PM2.5 - Local Conditions,209,Met One BAM-1022 Mass Monitor w/ VSCC or TE-PM2.5C - Beta Attenuation,19300,"Daphne-Fairhope-Foley, AL",30.497478,-87.880258,POINT,37.19,NEIGHBORHOOD,500 M TO 4KM,SLAMS,Al Dept Of Env Mgt,POPULATION EXPOSURE,Y,,10,
2023-05-25,010030010,3,13.3,Micrograms/cubic meter (LC),59,"FAIRHOPE, Alabama",1,100,88101,PM2.5 - Local Conditions,209,Met One BAM-1022 Mass Monitor w/ VSCC or TE-PM2.5C - Beta Attenuation,19300,"Daphne-Fairhope-Foley, AL",30.497478,-87.880258,POINT,37.19,NEIGHBORHOOD,500 M TO 4KM,SLAMS,Al Dept Of Env Mgt,POPULATION EXPOSURE,Y,,10,
2023-05-26,010030010,3,9.6,Micrograms/cubic meter (LC),52,"FAIRHOPE, Alabama",1,100,88101,PM2.5 - Local Conditions,209,Met One BAM-1022 Mass Monitor w/ VSCC or TE-PM2.5C - Beta Attenuation,19300,"Daphne-Fairhope-Foley, AL",30.497478,-87.880258,POINT,37.19,NEIGHBORHOOD,500 M TO 4KM,SLAMS,Al Dept Of Env Mgt,POPULATION EXPOSURE,Y,,10,
2023-05-27,010030010,3,10.2,Micrograms/cubic meter (LC),53,"FAIRHOPE, Alabama",1,100,88101,PM2.5 - Local Conditions,209,Met One BAM-1022 Mass Monitor w/ VSCC or TE-PM2.5C - Beta Attenuation,19300,"Daphne-Fairhope-Foley, AL",30.497478,-87.880258,POINT,37.19,NEIGHBORHOOD,500 M TO 4KM,SLAMS,Al Dept Of Env Mgt,POPULATION EXPOSURE,Y,,10,
2023-05-31,010030010,3,10.3,Micrograms/cubic meter (LC),53,"FAIRHOPE, Alabama",1,100,88101,PM2.5 - Local Conditions,209,Met One BAM-1022 Mass Monitor w/ VSCC or TE-PM2.5C - Beta Attenuation,19300,"Daphne-Fairhope-Foley, AL",30.497478,-87.880258,POINT,37.19,NEIGHBORHOOD,500 M TO 4KM,SLAMS,Al Dept Of Env Mgt,POPULATION EXPOSURE,Y,,10,
2023-06-01,010030010,3,8.8,Micrograms/cubic meter (LC),49,"FAIRHOPE, Alabama",1,100,88101,PM2.5 - Local Conditions,209,Met One BAM-1022 Mass Monitor w/ VSCC or TE-PM2.5C - Beta Attenuation,19300,"Daphne-Fairhope-Foley, AL",30.497478,-87.880258,POINT,37.19,NEIGHBORHOOD,500 M TO 4KM,SLAMS,Al Dept Of Env Mgt,POPULATION EXPOSURE,Y,,10,
2023-06-02,010030010,3,9.4,Micrograms/cubic meter (LC),52,"FAIRHOPE, Alabama",1,100,88101,PM2.5 - Local Conditions,209,Met One BAM-1022 Mass Monitor w/ VSCC or TE-PM2.5C - Beta Attenuation,19300,"Daphne-Fairhope-Foley, AL",30.497478,-87.880258,POINT,37.19,NEIGHBORHOOD,500 M TO 4KM,SLAMS,Al Dept Of Env Mgt,POPULATION EXPOSURE,Y,,10,
2023-06-03,010030010,3,10.3,Micrograms/cubic meter (LC),53,"FAIRHOPE, Alabama",1,100,88101,PM2.5 - Local Conditions,209,Met One BAM-1022 Mass Monitor w/ VSCC or TE-PM2.5C - Beta Attenuation,19300,"Daphne-Fairhope-Foley, AL",30.497478,-87.880258,POINT,37.19,NEIGHBORHOOD,500 M TO 4KM,SLAMS,Al Dept Of Env Mgt,POPULATION EXPOSURE,Y,,10,
2023-06-04,010030010,3,9.6,Micrograms/cubic meter (LC),52,"FAIRHOPE, Alabama",1,100,88101,PM2.5 - Local Conditions,209,Met One BAM-1022 Mass Monitor w/ VSCC or TE-PM2.5C - Beta Attenuation,19300,"Daphne-Fairhope-Foley, AL",30.497478,-87.880258,POINT,37.19,NEIGHBORHOOD,500 M TO 4KM,SLAMS,Al Dept Of Env Mgt,POPULATION EXPOSURE,Y,,10,
2023-06-05,010030010,3,6.9,Micrograms/cubic meter (LC),38,"FAIRHOPE, Alabama",1,100,88101,PM2.5 - Local Conditions,209,Met One BAM-1022 Mass Monitor w/ VSCC or TE-PM2.5C - Beta Attenuation,19300,"Daphne-Fairhope-Foley, AL",30.497478,-87.880258,POINT,37.19,NEIGHBORHOOD,500 M TO 4KM,SLAMS,Al Dept Of Env Mgt,POPULATION EXPOSURE,Y,,10,
2023-06-06,010030010,3,6,Micrograms/cubic meter (LC),33,"FAIRHOPE, Alabama",1,100,88101,PM2.5 - Local Conditions,209,Met One BAM-1022 Mass Monitor w/ VSCC or TE-PM2.5C - Beta Attenuation,19300,"Daphne-Fairhope-Foley, AL",30.497478,-87.880258,POINT,37.19,NEIGHBORHOOD,500 M TO 4KM,SLAMS,Al Dept Of Env Mgt,POPULATION EXPOSURE,Y,,10,
2023-06-07,010030010,3,5.5,Micrograms/cubic meter (LC),31,"FAIRHOPE, Alabama",1,100,88101,PM2.5 - Local Conditions,209,Met One BAM-1022 Mass Monitor w/ VSCC or TE-PM2.5C - Beta Attenuation,19300,"Daphne-Fairhope-Foley, AL",30.497478,-87.880258,POINT,37.19,NEIGHBORHOOD,500 M TO 4KM,SLAMS,Al Dept Of Env Mgt,POPULATION EXPOSURE,Y,,10,
2023-06-08,010030010,3,11.6,Micrograms/cubic meter (LC),56,"FAIRHOPE, Alabama",1,100,88101,PM2.5 - Local Conditions,209,Met One BAM-1022 Mass Monitor w/ VSCC or TE-PM2.5C - Beta Attenuation,19300,"Daphne-Fairhope-Foley, AL",30.497478,-87.880258,POINT,37.19,NEIGHBORHOOD,500 M TO 4KM,SLAMS,Al Dept Of Env Mgt,POPULATION EXPOSURE,Y,,10,
2023-06-09,010030010,3,17.7,Micrograms/cubic meter (LC),67,"FAIRHOPE, Alabama",1,100,88101,PM2.5 - Local Conditions,209,Met One BAM-1022 Mass Monitor w/ VSCC or TE-PM2.5C - Beta Attenuation,19300,"Daphne-Fairhope-Foley, AL",30.497478,-87.880258,POINT,37.19,NEIGHBORHOOD,500 M TO 4KM,SLAMS,Al Dept Of Env Mgt,POPULATION EXPOSURE,Y,,10,
2023-06-10,010030010,3,18,Micrograms/cubic meter (LC),68,"FAIRHOPE, Alabama",1,100,88101,PM2.5 - Local Conditions,209,Met One BAM-1022 Mass Monitor w/ VSCC or TE-PM2.5C - Beta Attenuation,19300,"Daphne-Fairhope-Foley, AL",30.497478,-87.880258,POINT,37.19,NEIGHBORHOOD,500 M TO 4KM,SLAMS,Al Dept Of Env Mgt,POPULATION EXPOSURE,Y,,10,
2023-06-11,010030010,3,8.9,Micrograms/cubic meter (LC),49,"FAIRHOPE, Alabama",1,100,88101,PM2.5 - Local Conditions,209,Met One BAM-1022 Mass Monitor w/ VSCC or TE-PM2.5C - Beta Attenuation,19300,"Daphne-Fairhope-Foley, AL",30.497478,-87.880258,POINT,37.19,NEIGHBORHOOD,500 M TO 4KM,SLAMS,Al Dept Of Env Mgt,POPULATION EXPOSURE,Y,,10,
2023-06-12,010030010,3,5.9,Micrograms/cubic meter (LC),33,"FAIRHOPE, Alabama",1,100,88101,PM2.5 - Local Conditions,209,Met One BAM-1022 Mass Monitor w/ VSCC or TE-PM2.5C - Beta Attenuation,19300,"Daphne-Fairhope-Foley, AL",30.497478,-87.880258,POINT,37.19,NEIGHBORHOOD,500 M TO 4KM,SLAMS,Al Dept Of Env Mgt,POPULATION EXPOSURE,Y,,10,
2023-06-13,010030010,3,5,Micrograms/cubic meter (LC),28,"FAIRHOPE, Alabama",1,100,88101,PM2.5 - Local Conditions,209,Met One BAM-1022 Mass Monitor w/ VSCC or TE-PM2.5C - Beta Attenuation,19300,"Daphne-Fairhope-Foley, AL",30.497478,-87.880258,POINT,37.19,NEIGHBORHOOD,500 M TO 4KM,SLAMS,Al Dept Of Env Mgt,POPULATION EXPOSURE,Y,,10,
2023-06-14,010030010,3,6.7,Micrograms/cubic meter (LC),37,"FAIRHOPE, Alabama",1,100,88101,PM2.5 - Local Conditions,209,Met One BAM-1022 Mass Monitor w/ VSCC or TE-PM2.5C - Beta Attenuation,19300,"Daphne-Fairhope-Foley, AL",30.497478,-87.880258,POINT,37.19,NEIGHBORHOOD,500 M TO 4KM,SLAMS,Al Dept Of Env Mgt,POPULATION EXPOSURE,Y,,10,
2023-06-15,010030010,3,8.7,Micrograms/cubic meter (LC),48,"FAIRHOPE, Alabama",1,100,88101,PM2.5 - Local Conditions,209,Met One BAM-1022 Mass Monitor w/ VSCC or TE-PM2.5C - Beta Attenuation,19300,"Daphne-Fairhope-Foley, AL",30.497478,-87.880258,POINT,37.19,NEIGHBORHOOD,500 M TO 4KM,SLAMS,Al Dept Of Env Mgt,POPULATION EXPOSURE,Y,,10,
2023-06-16,010030010,3,4.6,Micrograms/cubic meter (LC),26,"FAIRHOPE, Alabama",1,100,88101,PM2.5 - Local Conditions,209,Met One BAM-1022 Mass Monitor w/ VSCC or TE-PM2.5C - Beta Attenuation,19300,"Daphne-Fairhope-Foley, AL",30.497478,-87.880258,POINT,37.19,NEIGHBORHOOD,500 M TO 4KM,SLAMS,Al Dept Of Env Mgt,POPULATION EXPOSURE,Y,,10,
2023-06-17,010030010,3,7.8,Micrograms/cubic meter (LC),43,"FAIRHOPE, Alabama",1,100,88101,PM2.5 - Local Conditions,209,Met One BAM-1022 Mass Monitor w/ VSCC or TE-PM2.5C - Beta Attenuation,19300,"Daphne-Fairhope-Foley, AL",30.497478,-87.880258,POINT,37.19,NEIGHBORHOOD,500 M TO 4KM,SLAMS,Al Dept Of Env Mgt,POPULATION EXPOSURE,Y,,10,
2023-06-18,010030010,3,6.1,Micrograms/cubic meter (LC),34,"FAIRHOPE, Alabama",1,100,88101,PM2.5 - Local Conditions,209,Met One BAM-1022 Mass Monitor w/ VSCC or TE-PM2.5C - Beta Attenuation,19300,"Daphne-Fairhope-Foley, AL",30.497478,-87.880258,POINT,37.19,NEIGHBORHOOD,500 M TO 4KM,SLAMS,Al Dept Of Env Mgt,POPULATION EXPOSURE,Y,,10,
2023-06-19,010030010,3,8.1,Micrograms/cubic meter (LC),45,"FAIRHOPE, Alabama",1,100,88101,PM2.5 - Local Conditions,209,Met One BAM-1022 Mass Monitor w/ VSCC or TE-PM2.5C - Beta Attenuation,19300,"Daphne-Fairhope-Foley, AL",30.497478,-87.880258,POINT,37.19,NEIGHBORHOOD,500 M TO 4KM,SLAMS,Al Dept Of Env Mgt,POPULATION EXPOSURE,Y,,10,
2023-06-20,010030010,3,6.4,Micrograms/cubic meter (LC),36,"FAIRHOPE, Alabama",1,100,88101,PM2.5 - Local Conditions,209,Met One BAM-1022 Mass Monitor w/ VSCC or TE-PM2.5C - Beta Attenuation,19300,"Daphne-Fairhope-Foley, AL",30.497478,-87.880258,POINT,37.19,NEIGHBORHOOD,500 M TO 4KM,SLAMS,Al Dept Of Env Mgt,POPULATION EXPOSURE,Y,,10,
2023-06-21,010030010,3,12.8,Micrograms/cubic meter (LC),58,"FAIRHOPE, Alabama",1,100,88101,PM2.5 - Local Conditions,209,Met One BAM-1022 Mass Monitor w/ VSCC or TE-PM2.5C - Beta Attenuation,19300,"Daphne-Fairhope-Foley, AL",30.497478,-87.880258,POINT,37.19,NEIGHBORHOOD,500 M TO 4KM,SLAMS,Al Dept Of Env Mgt,POPULATION EXPOSURE,Y,,10,
2023-06-22,010030010,3,10.8,Micrograms/cubic meter (LC),54,"FAIRHOPE, Alabama",1,100,88101,PM2.5 - Local Conditions,209,Met One BAM-1022 Mass Monitor w/ VSCC or TE-PM2.5C - Beta Attenuation,19300,"Daphne-Fairhope-Foley, AL",30.497478,-87.880258,POINT,37.19,NEIGHBORHOOD,500 M TO 4KM,SLAMS,Al Dept Of Env Mgt,POPULATION EXPOSURE,Y,,10,
2023-06-23,010030010,3,10.4,Micrograms/cubic meter (LC),53,"FAIRHOPE, Alabama",1,100,88101,PM2.5 - Local Conditions,209,Met One BAM-1022 Mass Monitor w/ VSCC or TE-PM2.5C - Beta Attenuation,19300,"Daphne-Fairhope-Foley, AL",30.497478,-87.880258,POINT,37.19,NEIGHBORHOOD,500 M TO 4KM,SLAMS,Al Dept Of Env Mgt,POPULATION EXPOSURE,Y,,10,
2023-06-24,010030010,3,11.5,Micrograms/cubic meter (LC),55,"FAIRHOPE, Alabama",1,100,88101,PM2.5 - Local Conditions,209,Met One BAM-1022 Mass Monitor w/ VSCC or TE-PM2.5C - Beta Attenuation,19300,"Daphne-Fairhope-Foley, AL",30.497478,-87.880258,POINT,37.19,NEIGHBORHOOD,500 M TO 4KM,SLAMS,Al Dept Of Env Mgt,POPULATION EXPOSURE,Y,,10,
2023-06-25,010030010,3,11,Micrograms/cubic meter (LC),55,"FAIRHOPE, Alabama",1,100,88101,PM2.5 - Local Conditions,209,Met One BAM-1022 Mass Monitor w/ VSCC or TE-PM2.5C - Beta Attenuation,19300,"Daphne-Fairhope-Foley, AL",30.497478,-87.880258,POINT,37.19,NEIGHBORHOOD,500 M TO 4KM,SLAMS,Al Dept Of Env Mgt,POPULATION EXPOSURE,Y,,10,
2023-06-26,010030010,3,7.3,Micrograms/cubic meter (LC),41,"FAIRHOPE, Alabama",1,100,88101,PM2.5 - Local Conditions,209,Met One BAM-1022 Mass Monitor w/ VSCC or TE-PM2.5C - Beta Attenuation,19300,"Daphne-Fairhope-Foley, AL",30.497478,-87.880258,POINT,37.19,NEIGHBORHOOD,500 M TO 4KM,SLAMS,Al Dept Of Env Mgt,POPULATION EXPOSURE,Y,,10,
2023-06-27,010030010,3,10.3,Micrograms/cubic meter (LC),53,"FAIRHOPE, Alabama",1,100,88101,PM2.5 - Local Conditions,209,Met One BAM-1022 Mass Monitor w/ VSCC or TE-PM2.5C - Beta Attenuation,19300,"Daphne-Fairhope-Foley, AL",30.497478,-87.880258,POINT,37.19,NEIGHBORHOOD,500 M TO 4KM,SLAMS,Al Dept Of Env Mgt,POPULATION EXPOSURE,Y,,10,
2023-06-28,010030010,3,15.3,Micrograms/cubic meter (LC),63,"FAIRHOPE, Alabama",1,100,88101,PM2.5 - Local Conditions,209,Met One BAM-1022 Mass Monitor w/ VSCC or TE-PM2.5C - Beta Attenuation,19300,"Daphne-Fairhope-Foley, AL",30.497478,-87.880258,POINT,37.19,NEIGHBORHOOD,500 M TO 4KM,SLAMS,Al Dept Of Env Mgt,POPULATION EXPOSURE,Y,,10,
2023-06-29,010030010,3,18.9,Micrograms/cubic meter (LC),69,"FAIRHOPE, Alabama",1,100,88101,PM2.5 - Local Conditions,209,Met One BAM-1022 Mass Monitor w/ VSCC or TE-PM2.5C - Beta Attenuation,19300,"Daphne-Fairhope-Foley, AL",30.497478,-87.880258,POINT,37.19,NEIGHBORHOOD,500 M TO 4KM,SLAMS,Al Dept Of Env Mgt,POPULATION EXPOSURE,Y,,10,
2023-06-30,010030010,3,18.5,Micrograms/cubic meter (LC),69,"FAIRHOPE, Alabama",1,100,88101,PM2.5 - Local Conditions,209,Met One BAM-1022 Mass Monitor w/ VSCC or TE-PM2.5C - Beta Attenuation,19300,"Daphne-Fairhope-Foley, AL",30.497478,-87.880258,POINT,37.19,NEIGHBORHOOD,500 M TO 4KM,SLAMS,Al Dept Of Env Mgt,POPULATION EXPOSURE,Y,,10,
2023-07-01,010030010,3,17.6,Micrograms/cubic meter (LC),67,"FAIRHOPE, Alabama",1,100,88101,PM2.5 - Local Conditions,209,Met One BAM-1022 Mass Monitor w/ VSCC or TE-PM2.5C - Beta Attenuation,19300,"Daphne-Fairhope-Foley, AL",30.497478,-87.880258,POINT,37.19,NEIGHBORHOOD,500 M TO 4KM,SLAMS,Al Dept Of Env Mgt,POPULATION EXPOSURE,Y,,10,
2023-07-02,010030010,3,15.3,Micrograms/cubic meter (LC),63,"FAIRHOPE, Alabama",1,100,88101,PM2.5 - Local Conditions,209,Met One BAM-1022 Mass Monitor w/ VSCC or TE-PM2.5C - Beta Attenuation,19300,"Daphne-Fairhope-Foley, AL",30.497478,-87.880258,POINT,37.19,NEIGHBORHOOD,500 M TO 4KM,SLAMS,Al Dept Of Env Mgt,POPULATION EXPOSURE,Y,,10,
2023-07-03,010030010,3,11,Micrograms/cubic meter (LC),55,"FAIRHOPE, Alabama",1,100,88101,PM2.5 - Local Conditions,209,Met One BAM-1022 Mass Monitor w/ VSCC or TE-PM2.5C - Beta Attenuation,19300,"Daphne-Fairhope-Foley, AL",30.497478,-87.880258,POINT,37.19,NEIGHBORHOOD,500 M TO 4KM,SLAMS,Al Dept Of Env Mgt,POPULATION EXPOSURE,Y,,10,
2023-07-04,010030010,3,7.9,Micrograms/cubic meter (LC),44,"FAIRHOPE, Alabama",1,100,88101,PM2.5 - Local Conditions,209,Met One BAM-1022 Mass Monitor w/ VSCC or TE-PM2.5C - Beta Attenuation,19300,"Daphne-Fairhope-Foley, AL",30.497478,-87.880258,POINT,37.19,NEIGHBORHOOD,500 M TO 4KM,SLAMS,Al Dept Of Env Mgt,POPULATION EXPOSURE,Y,,10,
2023-07-05,010030010,3,6.3,Micrograms/cubic meter (LC),35,"FAIRHOPE, Alabama",1,100,88101,PM2.5 - Local Conditions,209,Met One BAM-1022 Mass Monitor w/ VSCC or TE-PM2.5C - Beta Attenuation,19300,"Daphne-Fairhope-Foley, AL",30.497478,-87.880258,POINT,37.19,NEIGHBORHOOD,500 M TO 4KM,SLAMS,Al Dept Of Env Mgt,POPULATION EXPOSURE,Y,,10,
2023-07-06,010030010,3,5.9,Micrograms/cubic meter (LC),33,"FAIRHOPE, Alabama",1,100,88101,PM2.5 - Local Conditions,209,Met One BAM-1022 Mass Monitor w/ VSCC or TE-PM2.5C - Beta Attenuation,19300,"Daphne-Fairhope-Foley, AL",30.497478,-87.880258,POINT,37.19,NEIGHBORHOOD,500 M TO 4KM,SLAMS,Al Dept Of Env Mgt,POPULATION EXPOSURE,Y,,10,
2023-07-07,010030010,3,6.3,Micrograms/cubic meter (LC),35,"FAIRHOPE, Alabama",1,100,88101,PM2.5 - Local Conditions,209,Met One BAM-1022 Mass Monitor w/ VSCC or TE-PM2.5C - Beta Attenuation,19300,"Daphne-Fairhope-Foley, AL",30.497478,-87.880258,POINT,37.19,NEIGHBORHOOD,500 M TO 4KM,SLAMS,Al Dept Of Env Mgt,POPULATION EXPOSURE,Y,,10,
2023-07-08,010030010,3,11.1,Micrograms/cubic meter (LC),55,"FAIRHOPE, Alabama",1,100,88101,PM2.5 - Local Conditions,209,Met One BAM-1022 Mass Monitor w/ VSCC or TE-PM2.5C - Beta Attenuation,19300,"Daphne-Fairhope-Foley, AL",30.497478,-87.880258,POINT,37.19,NEIGHBORHOOD,500 M TO 4KM,SLAMS,Al Dept Of Env Mgt,POPULATION EXPOSURE,Y,,10,
2023-07-09,010030010,3,6.9,Micrograms/cubic meter (LC),38,"FAIRHOPE, Alabama",1,100,88101,PM2.5 - Local Conditions,209,Met One BAM-1022 Mass Monitor w/ VSCC or TE-PM2.5C - Beta Attenuation,19300,"Daphne-Fairhope-Foley, AL",30.497478,-87.880258,POINT,37.19,NEIGHBORHOOD,500 M TO 4KM,SLAMS,Al Dept Of Env Mgt,POPULATION EXPOSURE,Y,,10,
2023-07-10,010030010,3,11.2,Micrograms/cubic meter (LC),55,"FAIRHOPE, Alabama",1,100,88101,PM2.5 - Local Conditions,209,Met One BAM-1022 Mass Monitor w/ VSCC or TE-PM2.5C - Beta Attenuation,19300,"Daphne-Fairhope-Foley, AL",30.497478,-87.880258,POINT,37.19,NEIGHBORHOOD,500 M TO 4KM,SLAMS,Al Dept Of Env Mgt,POPULATION EXPOSURE,Y,,10,
2023-07-11,010030010,3,6.9,Micrograms/cubic meter (LC),38,"FAIRHOPE, Alabama",1,100,88101,PM2.5 - Local Conditions,209,Met One BAM-1022 Mass Monitor w/ VSCC or TE-PM2.5C - Beta Attenuation,19300,"Daphne-Fairhope-Foley, AL",30.497478,-87.880258,POINT,37.19,NEIGHBORHOOD,500 M TO 4KM,SLAMS,Al Dept Of Env Mgt,POPULATION EXPOSURE,Y,,10,
2023-07-12,010030010,3,5.6,Micrograms/cubic meter (LC),31,"FAIRHOPE, Alabama",1,100,88101,PM2.5 - Local Conditions,209,Met One BAM-1022 Mass Monitor w/ VSCC or TE-PM2.5C - Beta Attenuation,19300,"Daphne-Fairhope-Foley, AL",30.497478,-87.880258,POINT,37.19,NEIGHBORHOOD,500 M TO 4KM,SLAMS,Al Dept Of Env Mgt,POPULATION EXPOSURE,Y,,10,
2023-07-13,010030010,3,8,Micrograms/cubic meter (LC),44,"FAIRHOPE, Alabama",1,100,88101,PM2.5 - Local Conditions,209,Met One BAM-1022 Mass Monitor w/ VSCC or TE-PM2.5C - Beta Attenuation,19300,"Daphne-Fairhope-Foley, AL",30.497478,-87.880258,POINT,37.19,NEIGHBORHOOD,500 M TO 4KM,SLAMS,Al Dept Of Env Mgt,POPULATION EXPOSURE,Y,,10,
2023-07-14,010030010,3,13,Micrograms/cubic meter (LC),58,"FAIRHOPE, Alabama",1,100,88101,PM2.5 - Local Conditions,209,Met One BAM-1022 Mass Monitor w/ VSCC or TE-PM2.5C - Beta Attenuation,19300,"Daphne-Fairhope-Foley, AL",30.497478,-87.880258,POINT,37.19,NEIGHBORHOOD,500 M TO 4KM,SLAMS,Al Dept Of Env Mgt,POPULATION EXPOSURE,Y,,10,
2023-07-15,010030010,3,13.4,Micrograms/cubic meter (LC),59,"FAIRHOPE, Alabama",1,100,88101,PM2.5 - Local Conditions,209,Met One BAM-1022 Mass Monitor w/ VSCC or TE-PM2.5C - Beta Attenuation,19300,"Daphne-Fairhope-Foley, AL",30.497478,-87.880258,POINT,37.19,NEIGHBORHOOD,500 M TO 4KM,SLAMS,Al Dept Of Env Mgt,POPULATION EXPOSURE,Y,,10,
2023-07-16,010030010,3,13.6,Micrograms/cubic meter (LC),59,"FAIRHOPE, Alabama",1,100,88101,PM2.5 - Local Conditions,209,Met One BAM-1022 Mass Monitor w/ VSCC or TE-PM2.5C - Beta Attenuation,19300,"Daphne-Fairhope-Foley, AL",30.497478,-87.880258,POINT,37.19,NEIGHBORHOOD,500 M TO 4KM,SLAMS,Al Dept Of Env Mgt,POPULATION EXPOSURE,Y,,10,
2023-07-21,010030010,3,12.3,Micrograms/cubic meter (LC),57,"FAIRHOPE, Alabama",1,100,88101,PM2.5 - Local Conditions,209,Met One BAM-1022 Mass Monitor w/ VSCC or TE-PM2.5C - Beta Attenuation,19300,"Daphne-Fairhope-Foley, AL",30.497478,-87.880258,POINT,37.19,NEIGHBORHOOD,500 M TO 4KM,SLAMS,Al Dept Of Env Mgt,POPULATION EXPOSURE,Y,,10,
2023-07-22,010030010,3,8.7,Micrograms/cubic meter (LC),48,"FAIRHOPE, Alabama",1,100,88101,PM2.5 - Local Conditions,209,Met One BAM-1022 Mass Monitor w/ VSCC or TE-PM2.5C - Beta Attenuation,19300,"Daphne-Fairhope-Foley, AL",30.497478,-87.880258,POINT,37.19,NEIGHBORHOOD,500 M TO 4KM,SLAMS,Al Dept Of Env Mgt,POPULATION EXPOSURE,Y,,10,
2023-07-23,010030010,3,8.1,Micrograms/cubic meter (LC),45,"FAIRHOPE, Alabama",1,100,88101,PM2.5 - Local Conditions,209,Met One BAM-1022 Mass Monitor w/ VSCC or TE-PM2.5C - Beta Attenuation,19300,"Daphne-Fairhope-Foley, AL",30.497478,-87.880258,POINT,37.19,NEIGHBORHOOD,500 M TO 4KM,SLAMS,Al Dept Of Env Mgt,POPULATION EXPOSURE,Y,,10,
2023-07-24,010030010,3,10.6,Micrograms/cubic meter (LC),54,"FAIRHOPE, Alabama",1,100,88101,PM2.5 - Local Conditions,209,Met One BAM-1022 Mass Monitor w/ VSCC or TE-PM2.5C - Beta Attenuation,19300,"Daphne-Fairhope-Foley, AL",30.497478,-87.880258,POINT,37.19,NEIGHBORHOOD,500 M TO 4KM,SLAMS,Al Dept Of Env Mgt,POPULATION EXPOSURE,Y,,10,
2023-07-25,010030010,3,12.9,Micrograms/cubic meter (LC),58,"FAIRHOPE, Alabama",1,100,88101,PM2.5 - Local Conditions,209,Met One BAM-1022 Mass Monitor w/ VSCC or TE-PM2.5C - Beta Attenuation,19300,"Daphne-Fairhope-Foley, AL",30.497478,-87.880258,POINT,37.19,NEIGHBORHOOD,500 M TO 4KM,SLAMS,Al Dept Of Env Mgt,POPULATION EXPOSURE,Y,,10,
2023-07-26,010030010,3,15.1,Micrograms/cubic meter (LC),62,"FAIRHOPE, Alabama",1,100,88101,PM2.5 - Local Conditions,209,Met One BAM-1022 Mass Monitor w/ VSCC or TE-PM2.5C - Beta Attenuation,19300,"Daphne-Fairhope-Foley, AL",30.497478,-87.880258,POINT,37.19,NEIGHBORHOOD,500 M TO 4KM,SLAMS,Al Dept Of Env Mgt,POPULATION EXPOSURE,Y,,10,
2023-07-27,010030010,3,16,Micrograms/cubic meter (LC),64,"FAIRHOPE, Alabama",1,100,88101,PM2.5 - Local Conditions,209,Met One BAM-1022 Mass Monitor w/ VSCC or TE-PM2.5C - Beta Attenuation,19300,"Daphne-Fairhope-Foley, AL",30.497478,-87.880258,POINT,37.19,NEIGHBORHOOD,500 M TO 4KM,SLAMS,Al Dept Of Env Mgt,POPULATION EXPOSURE,Y,,10,
2023-07-28,010030010,3,13.6,Micrograms/cubic meter (LC),59,"FAIRHOPE, Alabama",1,100,88101,PM2.5 - Local Conditions,209,Met One BAM-1022 Mass Monitor w/ VSCC or TE-PM2.5C - Beta Attenuation,19300,"Daphne-Fairhope-Foley, AL",30.497478,-87.880258,POINT,37.19,NEIGHBORHOOD,500 M TO 4KM,SLAMS,Al Dept Of Env Mgt,POPULATION EXPOSURE,Y,,10,
2023-07-29,010030010,3,11.6,Micrograms/cubic meter (LC),56,"FAIRHOPE, Alabama",1,100,88101,PM2.5 - Local Conditions,209,Met One BAM-1022 Mass Monitor w/ VSCC or TE-PM2.5C - Beta Attenuation,19300,"Daphne-Fairhope-Foley, AL",30.497478,-87.880258,POINT,37.19,NEIGHBORHOOD,500 M TO 4KM,SLAMS,Al Dept Of Env Mgt,POPULATION EXPOSURE,Y,,10,
2023-07-30,010030010,3,10.9,Micrograms/cubic meter (LC),54,"FAIRHOPE, Alabama",1,100,88101,PM2.5 - Local Conditions,209,Met One BAM-1022 Mass Monitor w/ VSCC or TE-PM2.5C - Beta Attenuation,19300,"Daphne-Fairhope-Foley, AL",30.497478,-87.880258,POINT,37.19,NEIGHBORHOOD,500 M TO 4KM,SLAMS,Al Dept Of Env Mgt,POPULATION EXPOSURE,Y,,10,
2023-07-31,010030010,3,10.6,Micrograms/cubic meter (LC),54,"FAIRHOPE, Alabama",1,100,88101,PM2.5 - Local Conditions,209,Met One BAM-1022 Mass Monitor w/ VSCC or TE-PM2.5C - Beta Attenuation,19300,"Daphne-Fairhope-Foley, AL",30.497478,-87.880258,POINT,37.19,NEIGHBORHOOD,500 M TO 4KM,SLAMS,Al Dept Of Env Mgt,POPULATION EXPOSURE,Y,,10,
2023-08-01,010030010,3,10.8,Micrograms/cubic meter (LC),54,"FAIRHOPE, Alabama",1,100,88101,PM2.5 - Local Conditions,209,Met One BAM-1022 Mass Monitor w/ VSCC or TE-PM2.5C - Beta Attenuation,19300,"Daphne-Fairhope-Foley, AL",30.497478,-87.880258,POINT,37.19,NEIGHBORHOOD,500 M TO 4KM,SLAMS,Al Dept Of Env Mgt,POPULATION EXPOSURE,Y,,10,
2023-08-02,010030010,3,10.7,Micrograms/cubic meter (LC),54,"FAIRHOPE, Alabama",1,100,88101,PM2.5 - Local Conditions,209,Met One BAM-1022 Mass Monitor w/ VSCC or TE-PM2.5C - Beta Attenuation,19300,"Daphne-Fairhope-Foley, AL",30.497478,-87.880258,POINT,37.19,NEIGHBORHOOD,500 M TO 4KM,SLAMS,Al Dept Of Env Mgt,POPULATION EXPOSURE,Y,,10,
2023-08-03,010030010,3,10.9,Micrograms/cubic meter (LC),54,"FAIRHOPE, Alabama",1,100,88101,PM2.5 - Local Conditions,209,Met One BAM-1022 Mass Monitor w/ VSCC or TE-PM2.5C - Beta Attenuation,19300,"Daphne-Fairhope-Foley, AL",30.497478,-87.880258,POINT,37.19,NEIGHBORHOOD,500 M TO 4KM,SLAMS,Al Dept Of Env Mgt,POPULATION EXPOSURE,Y,,10,
2023-08-04,010030010,3,11.8,Micrograms/cubic meter (LC),56,"FAIRHOPE, Alabama",1,100,88101,PM2.5 - Local Conditions,209,Met One BAM-1022 Mass Monitor w/ VSCC or TE-PM2.5C - Beta Attenuation,19300,"Daphne-Fairhope-Foley, AL",30.497478,-87.880258,POINT,37.19,NEIGHBORHOOD,500 M TO 4KM,SLAMS,Al Dept Of Env Mgt,POPULATION EXPOSURE,Y,,10,
2023-08-05,010030010,3,8.2,Micrograms/cubic meter (LC),46,"FAIRHOPE, Alabama",1,100,88101,PM2.5 - Local Conditions,209,Met One BAM-1022 Mass Monitor w/ VSCC or TE-PM2.5C - Beta Attenuation,19300,"Daphne-Fairhope-Foley, AL",30.497478,-87.880258,POINT,37.19,NEIGHBORHOOD,500 M TO 4KM,SLAMS,Al Dept Of Env Mgt,POPULATION EXPOSURE,Y,,10,
2023-08-06,010030010,3,8.6,Micrograms/cubic meter (LC),48,"FAIRHOPE, Alabama",1,100,88101,PM2.5 - Local Conditions,209,Met One BAM-1022 Mass Monitor w/ VSCC or TE-PM2.5C - Beta Attenuation,19300,"Daphne-Fairhope-Foley, AL",30.497478,-87.880258,POINT,37.19,NEIGHBORHOOD,500 M TO 4KM,SLAMS,Al Dept Of Env Mgt,POPULATION EXPOSURE,Y,,10,
2023-08-07,010030010,3,5.8,Micrograms/cubic meter (LC),32,"FAIRHOPE, Alabama",1,100,88101,PM2.5 - Local Conditions,209,Met One BAM-1022 Mass Monitor w/ VSCC or TE-PM2.5C - Beta Attenuation,19300,"Daphne-Fairhope-Foley, AL",30.497478,-87.880258,POINT,37.19,NEIGHBORHOOD,500 M TO 4KM,SLAMS,Al Dept Of Env Mgt,POPULATION EXPOSURE,Y,,10,
2023-08-08,010030010,3,7.4,Micrograms/cubic meter (LC),41,"FAIRHOPE, Alabama",1,100,88101,PM2.5 - Local Conditions,209,Met One BAM-1022 Mass Monitor w/ VSCC or TE-PM2.5C - Beta Attenuation,19300,"Daphne-Fairhope-Foley, AL",30.497478,-87.880258,POINT,37.19,NEIGHBORHOOD,500 M TO 4KM,SLAMS,Al Dept Of Env Mgt,POPULATION EXPOSURE,Y,,10,
2023-08-09,010030010,3,4.5,Micrograms/cubic meter (LC),25,"FAIRHOPE, Alabama",1,100,88101,PM2.5 - Local Conditions,209,Met One BAM-1022 Mass Monitor w/ VSCC or TE-PM2.5C - Beta Attenuation,19300,"Daphne-Fairhope-Foley, AL",30.497478,-87.880258,POINT,37.19,NEIGHBORHOOD,500 M TO 4KM,SLAMS,Al Dept Of Env Mgt,POPULATION EXPOSURE,Y,,10,
2023-08-12,010030010,3,9.9,Micrograms/cubic meter (LC),52,"FAIRHOPE, Alabama",1,100,88101,PM2.5 - Local Conditions,209,Met One BAM-1022 Mass Monitor w/ VSCC or TE-PM2.5C - Beta Attenuation,19300,"Daphne-Fairhope-Foley, AL",30.497478,-87.880258,POINT,37.19,NEIGHBORHOOD,500 M TO 4KM,SLAMS,Al Dept Of Env Mgt,POPULATION EXPOSURE,Y,,10,
2023-08-13,010030010,3,10.5,Micrograms/cubic meter (LC),54,"FAIRHOPE, Alabama",1,100,88101,PM2.5 - Local Conditions,209,Met One BAM-1022 Mass Monitor w/ VSCC or TE-PM2.5C - Beta Attenuation,19300,"Daphne-Fairhope-Foley, AL",30.497478,-87.880258,POINT,37.19,NEIGHBORHOOD,500 M TO 4KM,SLAMS,Al Dept Of Env Mgt,POPULATION EXPOSURE,Y,,10,
2023-08-14,010030010,3,9.9,Micrograms/cubic meter (LC),52,"FAIRHOPE, Alabama",1,100,88101,PM2.5 - Local Conditions,209,Met One BAM-1022 Mass Monitor w/ VSCC or TE-PM2.5C - Beta Attenuation,19300,"Daphne-Fairhope-Foley, AL",30.497478,-87.880258,POINT,37.19,NEIGHBORHOOD,500 M TO 4KM,SLAMS,Al Dept Of Env Mgt,POPULATION EXPOSURE,Y,,10,
2023-08-15,010030010,3,10.1,Micrograms/cubic meter (LC),53,"FAIRHOPE, Alabama",1,100,88101,PM2.5 - Local Conditions,209,Met One BAM-1022 Mass Monitor w/ VSCC or TE-PM2.5C - Beta Attenuation,19300,"Daphne-Fairhope-Foley, AL",30.497478,-87.880258,POINT,37.19,NEIGHBORHOOD,500 M TO 4KM,SLAMS,Al Dept Of Env Mgt,POPULATION EXPOSURE,Y,,10,
2023-08-16,010030010,3,6.2,Micrograms/cubic meter (LC),34,"FAIRHOPE, Alabama",1,100,88101,PM2.5 - Local Conditions,209,Met One BAM-1022 Mass Monitor w/ VSCC or TE-PM2.5C - Beta Attenuation,19300,"Daphne-Fairhope-Foley, AL",30.497478,-87.880258,POINT,37.19,NEIGHBORHOOD,500 M TO 4KM,SLAMS,Al Dept Of Env Mgt,POPULATION EXPOSURE,Y,,10,
2023-08-17,010030010,3,7.8,Micrograms/cubic meter (LC),43,"FAIRHOPE, Alabama",1,100,88101,PM2.5 - Local Conditions,209,Met One BAM-1022 Mass Monitor w/ VSCC or TE-PM2.5C - Beta Attenuation,19300,"Daphne-Fairhope-Foley, AL",30.497478,-87.880258,POINT,37.19,NEIGHBORHOOD,500 M TO 4KM,SLAMS,Al Dept Of Env Mgt,POPULATION EXPOSURE,Y,,10,
2023-08-18,010030010,3,12.1,Micrograms/cubic meter (LC),57,"FAIRHOPE, Alabama",1,100,88101,PM2.5 - Local Conditions,209,Met One BAM-1022 Mass Monitor w/ VSCC or TE-PM2.5C - Beta Attenuation,19300,"Daphne-Fairhope-Foley, AL",30.497478,-87.880258,POINT,37.19,NEIGHBORHOOD,500 M TO 4KM,SLAMS,Al Dept Of Env Mgt,POPULATION EXPOSURE,Y,,10,
2023-08-19,010030010,3,11.6,Micrograms/cubic meter (LC),56,"FAIRHOPE, Alabama",1,100,88101,PM2.5 - Local Conditions,209,Met One BAM-1022 Mass Monitor w/ VSCC or TE-PM2.5C - Beta Attenuation,19300,"Daphne-Fairhope-Foley, AL",30.497478,-87.880258,POINT,37.19,NEIGHBORHOOD,500 M TO 4KM,SLAMS,Al Dept Of Env Mgt,POPULATION EXPOSURE,Y,,10,
2023-08-20,010030010,3,12.4,Micrograms/cubic meter (LC),57,"FAIRHOPE, Alabama",1,100,88101,PM2.5 - Local Conditions,209,Met One BAM-1022 Mass Monitor w/ VSCC or TE-PM2.5C - Beta Attenuation,19300,"Daphne-Fairhope-Foley, AL",30.497478,-87.880258,POINT,37.19,NEIGHBORHOOD,500 M TO 4KM,SLAMS,Al Dept Of Env Mgt,POPULATION EXPOSURE,Y,,10,
2023-08-21,010030010,3,13.6,Micrograms/cubic meter (LC),59,"FAIRHOPE, Alabama",1,100,88101,PM2.5 - Local Conditions,209,Met One BAM-1022 Mass Monitor w/ VSCC or TE-PM2.5C - Beta Attenuation,19300,"Daphne-Fairhope-Foley, AL",30.497478,-87.880258,POINT,37.19,NEIGHBORHOOD,500 M TO 4KM,SLAMS,Al Dept Of Env Mgt,POPULATION EXPOSURE,Y,,10,
2023-08-22,010030010,3,22.3,Micrograms/cubic meter (LC),76,"FAIRHOPE, Alabama",1,100,88101,PM2.5 - Local Conditions,209,Met One BAM-1022 Mass Monitor w/ VSCC or TE-PM2.5C - Beta Attenuation,19300,"Daphne-Fairhope-Foley, AL",30.497478,-87.880258,POINT,37.19,NEIGHBORHOOD,500 M TO 4KM,SLAMS,Al Dept Of Env Mgt,POPULATION EXPOSURE,Y,,10,
2023-08-23,010030010,3,17.6,Micrograms/cubic meter (LC),67,"FAIRHOPE, Alabama",1,100,88101,PM2.5 - Local Conditions,209,Met One BAM-1022 Mass Monitor w/ VSCC or TE-PM2.5C - Beta Attenuation,19300,"Daphne-Fairhope-Foley, AL",30.497478,-87.880258,POINT,37.19,NEIGHBORHOOD,500 M TO 4KM,SLAMS,Al Dept Of Env Mgt,POPULATION EXPOSURE,Y,,10,
2023-08-24,010030010,3,15.3,Micrograms/cubic meter (LC),63,"FAIRHOPE, Alabama",1,100,88101,PM2.5 - Local Conditions,209,Met One BAM-1022 Mass Monitor w/ VSCC or TE-PM2.5C - Beta Attenuation,19300,"Daphne-Fairhope-Foley, AL",30.497478,-87.880258,POINT,37.19,NEIGHBORHOOD,500 M TO 4KM,SLAMS,Al Dept Of Env Mgt,POPULATION EXPOSURE,Y,,10,
2023-08-25,010030010,3,13.4,Micrograms/cubic meter (LC),59,"FAIRHOPE, Alabama",1,100,88101,PM2.5 - Local Conditions,209,Met One BAM-1022 Mass Monitor w/ VSCC or TE-PM2.5C - Beta Attenuation,19300,"Daphne-Fairhope-Foley, AL",30.497478,-87.880258,POINT,37.19,NEIGHBORHOOD,500 M TO 4KM,SLAMS,Al Dept Of Env Mgt,POPULATION EXPOSURE,Y,,10,
2023-08-26,010030010,3,16.8,Micrograms/cubic meter (LC),65,"FAIRHOPE, Alabama",1,100,88101,PM2.5 - Local Conditions,209,Met One BAM-1022 Mass Monitor w/ VSCC or TE-PM2.5C - Beta Attenuation,19300,"Daphne-Fairhope-Foley, AL",30.497478,-87.880258,POINT,37.19,NEIGHBORHOOD,500 M TO 4KM,SLAMS,Al Dept Of Env Mgt,POPULATION EXPOSURE,Y,,10,
2023-08-27,010030010,3,16.1,Micrograms/cubic meter (LC),64,"FAIRHOPE, Alabama",1,100,88101,PM2.5 - Local Conditions,209,Met One BAM-1022 Mass Monitor w/ VSCC or TE-PM2.5C - Beta Attenuation,19300,"Daphne-Fairhope-Foley, AL",30.497478,-87.880258,POINT,37.19,NEIGHBORHOOD,500 M TO 4KM,SLAMS,Al Dept Of Env Mgt,POPULATION EXPOSURE,Y,,10,
2023-08-28,010030010,3,11.3,Micrograms/cubic meter (LC),55,"FAIRHOPE, Alabama",1,100,88101,PM2.5 - Local Conditions,209,Met One BAM-1022 Mass Monitor w/ VSCC or TE-PM2.5C - Beta Attenuation,19300,"Daphne-Fairhope-Foley, AL",30.497478,-87.880258,POINT,37.19,NEIGHBORHOOD,500 M TO 4KM,SLAMS,Al Dept Of Env Mgt,POPULATION EXPOSURE,Y,,10,
2023-08-29,010030010,3,6.1,Micrograms/cubic meter (LC),34,"FAIRHOPE, Alabama",1,100,88101,PM2.5 - Local Conditions,209,Met One BAM-1022 Mass Monitor w/ VSCC or TE-PM2.5C - Beta Attenuation,19300,"Daphne-Fairhope-Foley, AL",30.497478,-87.880258,POINT,37.19,NEIGHBORHOOD,500 M TO 4KM,SLAMS,Al Dept Of Env Mgt,POPULATION EXPOSURE,Y,,10,
2023-08-30,010030010,3,6.4,Micrograms/cubic meter (LC),36,"FAIRHOPE, Alabama",1,100,88101,PM2.5 - Local Conditions,209,Met One BAM-1022 Mass Monitor w/ VSCC or TE-PM2.5C - Beta Attenuation,19300,"Daphne-Fairhope-Foley, AL",30.497478,-87.880258,POINT,37.19,NEIGHBORHOOD,500 M TO 4KM,SLAMS,Al Dept Of Env Mgt,POPULATION EXPOSURE,Y,,10,
2023-08-31,010030010,3,9.5,Micrograms/cubic meter (LC),52,"FAIRHOPE, Alabama",1,100,88101,PM2.5 - Local Conditions,209,Met One BAM-1022 Mass Monitor w/ VSCC or TE-PM2.5C - Beta Attenuation,19300,"Daphne-Fairhope-Foley, AL",30.497478,-87.880258,POINT,37.19,NEIGHBORHOOD,500 M TO 4KM,SLAMS,Al Dept Of Env Mgt,POPULATION EXPOSURE,Y,,10,
2023-09-01,010030010,3,4.8,Micrograms/cubic meter (LC),27,"FAIRHOPE, Alabama",1,100,88101,PM2.5 - Local Conditions,209,Met One BAM-1022 Mass Monitor w/ VSCC or TE-PM2.5C - Beta Attenuation,19300,"Daphne-Fairhope-Foley, AL",30.497478,-87.880258,POINT,37.19,NEIGHBORHOOD,500 M TO 4KM,SLAMS,Al Dept Of Env Mgt,POPULATION EXPOSURE,Y,,10,
2023-09-02,010030010,3,2.8,Micrograms/cubic meter (LC),16,"FAIRHOPE, Alabama",1,100,88101,PM2.5 - Local Conditions,209,Met One BAM-1022 Mass Monitor w/ VSCC or TE-PM2.5C - Beta Attenuation,19300,"Daphne-Fairhope-Foley, AL",30.497478,-87.880258,POINT,37.19,NEIGHBORHOOD,500 M TO 4KM,SLAMS,Al Dept Of Env Mgt,POPULATION EXPOSURE,Y,,10,
2023-09-03,010030010,3,4.2,Micrograms/cubic meter (LC),23,"FAIRHOPE, Alabama",1,100,88101,PM2.5 - Local Conditions,209,Met One BAM-1022 Mass Monitor w/ VSCC or TE-PM2.5C - Beta Attenuation,19300,"Daphne-Fairhope-Foley, AL",30.497478,-87.880258,POINT,37.19,NEIGHBORHOOD,500 M TO 4KM,SLAMS,Al Dept Of Env Mgt,POPULATION EXPOSURE,Y,,10,
2023-09-04,010030010,3,4,Micrograms/cubic meter (LC),22,"FAIRHOPE, Alabama",1,100,88101,PM2.5 - Local Conditions,209,Met One BAM-1022 Mass Monitor w/ VSCC or TE-PM2.5C - Beta Attenuation,19300,"Daphne-Fairhope-Foley, AL",30.497478,-87.880258,POINT,37.19,NEIGHBORHOOD,500 M TO 4KM,SLAMS,Al Dept Of Env Mgt,POPULATION EXPOSURE,Y,,10,
2023-09-05,010030010,3,3.6,Micrograms/cubic meter (LC),20,"FAIRHOPE, Alabama",1,100,88101,PM2.5 - Local Conditions,209,Met One BAM-1022 Mass Monitor w/ VSCC or TE-PM2.5C - Beta Attenuation,19300,"Daphne-Fairhope-Foley, AL",30.497478,-87.880258,POINT,37.19,NEIGHBORHOOD,500 M TO 4KM,SLAMS,Al Dept Of Env Mgt,POPULATION EXPOSURE,Y,,10,
2023-09-06,010030010,3,5.7,Micrograms/cubic meter (LC),32,"FAIRHOPE, Alabama",1,100,88101,PM2.5 - Local Conditions,209,Met One BAM-1022 Mass Monitor w/ VSCC or TE-PM2.5C - Beta Attenuation,19300,"Daphne-Fairhope-Foley, AL",30.497478,-87.880258,POINT,37.19,NEIGHBORHOOD,500 M TO 4KM,SLAMS,Al Dept Of Env Mgt,POPULATION EXPOSURE,Y,,10,
2023-09-07,010030010,3,5.2,Micrograms/cubic meter (LC),29,"FAIRHOPE, Alabama",1,100,88101,PM2.5 - Local Conditions,209,Met One BAM-1022 Mass Monitor w/ VSCC or TE-PM2.5C - Beta Attenuation,19300,"Daphne-Fairhope-Foley, AL",30.497478,-87.880258,POINT,37.19,NEIGHBORHOOD,500 M TO 4KM,SLAMS,Al Dept Of Env Mgt,POPULATION EXPOSURE,Y,,10,
2023-09-08,010030010,3,9.2,Micrograms/cubic meter (LC),51,"FAIRHOPE, Alabama",1,100,88101,PM2.5 - Local Conditions,209,Met One BAM-1022 Mass Monitor w/ VSCC or TE-PM2.5C - Beta Attenuation,19300,"Daphne-Fairhope-Foley, AL",30.497478,-87.880258,POINT,37.19,NEIGHBORHOOD,500 M TO 4KM,SLAMS,Al Dept Of Env Mgt,POPULATION EXPOSURE,Y,,10,
2023-09-09,010030010,3,13.6,Micrograms/cubic meter (LC),59,"FAIRHOPE, Alabama",1,100,88101,PM2.5 - Local Conditions,209,Met One BAM-1022 Mass Monitor w/ VSCC or TE-PM2.5C - Beta Attenuation,19300,"Daphne-Fairhope-Foley, AL",30.497478,-87.880258,POINT,37.19,NEIGHBORHOOD,500 M TO 4KM,SLAMS,Al Dept Of Env Mgt,POPULATION EXPOSURE,Y,,10,
2023-09-10,010030010,3,10.5,Micrograms/cubic meter (LC),54,"FAIRHOPE, Alabama",1,100,88101,PM2.5 - Local Conditions,209,Met One BAM-1022 Mass Monitor w/ VSCC or TE-PM2.5C - Beta Attenuation,19300,"Daphne-Fairhope-Foley, AL",30.497478,-87.880258,POINT,37.19,NEIGHBORHOOD,500 M TO 4KM,SLAMS,Al Dept Of Env Mgt,POPULATION EXPOSURE,Y,,10,
2023-09-11,010030010,3,10,Micrograms/cubic meter (LC),53,"FAIRHOPE, Alabama",1,100,88101,PM2.5 - Local Conditions,209,Met One BAM-1022 Mass Monitor w/ VSCC or TE-PM2.5C - Beta Attenuation,19300,"Daphne-Fairhope-Foley, AL",30.497478,-87.880258,POINT,37.19,NEIGHBORHOOD,500 M TO 4KM,SLAMS,Al Dept Of Env Mgt,POPULATION EXPOSURE,Y,,10,
2023-09-12,010030010,3,5.6,Micrograms/cubic meter (LC),31,"FAIRHOPE, Alabama",1,100,88101,PM2.5 - Local Conditions,209,Met One BAM-1022 Mass Monitor w/ VSCC or TE-PM2.5C - Beta Attenuation,19300,"Daphne-Fairhope-Foley, AL",30.497478,-87.880258,POINT,37.19,NEIGHBORHOOD,500 M TO 4KM,SLAMS,Al Dept Of Env Mgt,POPULATION EXPOSURE,Y,,10,
2023-09-13,010030010,3,5,Micrograms/cubic meter (LC),28,"FAIRHOPE, Alabama",1,100,88101,PM2.5 - Local Conditions,209,Met One BAM-1022 Mass Monitor w/ VSCC or TE-PM2.5C - Beta Attenuation,19300,"Daphne-Fairhope-Foley, AL",30.497478,-87.880258,POINT,37.19,NEIGHBORHOOD,500 M TO 4KM,SLAMS,Al Dept Of Env Mgt,POPULATION EXPOSURE,Y,,10,
2023-09-14,010030010,3,10.2,Micrograms/cubic meter (LC),53,"FAIRHOPE, Alabama",1,100,88101,PM2.5 - Local Conditions,209,Met One BAM-1022 Mass Monitor w/ VSCC or TE-PM2.5C - Beta Attenuation,19300,"Daphne-Fairhope-Foley, AL",30.497478,-87.880258,POINT,37.19,NEIGHBORHOOD,500 M TO 4KM,SLAMS,Al Dept Of Env Mgt,POPULATION EXPOSURE,Y,,10,
2023-09-15,010030010,3,11.7,Micrograms/cubic meter (LC),56,"FAIRHOPE, Alabama",1,100,88101,PM2.5 - Local Conditions,209,Met One BAM-1022 Mass Monitor w/ VSCC or TE-PM2.5C - Beta Attenuation,19300,"Daphne-Fairhope-Foley, AL",30.497478,-87.880258,POINT,37.19,NEIGHBORHOOD,500 M TO 4KM,SLAMS,Al Dept Of Env Mgt,POPULATION EXPOSURE,Y,,10,
2023-09-16,010030010,3,8,Micrograms/cubic meter (LC),44,"FAIRHOPE, Alabama",1,100,88101,PM2.5 - Local Conditions,209,Met One BAM-1022 Mass Monitor w/ VSCC or TE-PM2.5C - Beta Attenuation,19300,"Daphne-Fairhope-Foley, AL",30.497478,-87.880258,POINT,37.19,NEIGHBORHOOD,500 M TO 4KM,SLAMS,Al Dept Of Env Mgt,POPULATION EXPOSURE,Y,,10,
2023-09-17,010030010,3,7.8,Micrograms/cubic meter (LC),43,"FAIRHOPE, Alabama",1,100,88101,PM2.5 - Local Conditions,209,Met One BAM-1022 Mass Monitor w/ VSCC or TE-PM2.5C - Beta Attenuation,19300,"Daphne-Fairhope-Foley, AL",30.497478,-87.880258,POINT,37.19,NEIGHBORHOOD,500 M TO 4KM,SLAMS,Al Dept Of Env Mgt,POPULATION EXPOSURE,Y,,10,
2023-09-18,010030010,3,7.1,Micrograms/cubic meter (LC),39,"FAIRHOPE, Alabama",1,100,88101,PM2.5 - Local Conditions,209,Met One BAM-1022 Mass Monitor w/ VSCC or TE-PM2.5C - Beta Attenuation,19300,"Daphne-Fairhope-Foley, AL",30.497478,-87.880258,POINT,37.19,NEIGHBORHOOD,500 M TO 4KM,SLAMS,Al Dept Of Env Mgt,POPULATION EXPOSURE,Y,,10,
2023-09-19,010030010,3,9.8,Micrograms/cubic meter (LC),52,"FAIRHOPE, Alabama",1,100,88101,PM2.5 - Local Conditions,209,Met One BAM-1022 Mass Monitor w/ VSCC or TE-PM2.5C - Beta Attenuation,19300,"Daphne-Fairhope-Foley, AL",30.497478,-87.880258,POINT,37.19,NEIGHBORHOOD,500 M TO 4KM,SLAMS,Al Dept Of Env Mgt,POPULATION EXPOSURE,Y,,10,
2023-09-20,010030010,3,9.5,Micrograms/cubic meter (LC),52,"FAIRHOPE, Alabama",1,100,88101,PM2.5 - Local Conditions,209,Met One BAM-1022 Mass Monitor w/ VSCC or TE-PM2.5C - Beta Attenuation,19300,"Daphne-Fairhope-Foley, AL",30.497478,-87.880258,POINT,37.19,NEIGHBORHOOD,500 M TO 4KM,SLAMS,Al Dept Of Env Mgt,POPULATION EXPOSURE,Y,,10,
2023-09-21,010030010,3,8,Micrograms/cubic meter (LC),44,"FAIRHOPE, Alabama",1,100,88101,PM2.5 - Local Conditions,209,Met One BAM-1022 Mass Monitor w/ VSCC or TE-PM2.5C - Beta Attenuation,19300,"Daphne-Fairhope-Foley, AL",30.497478,-87.880258,POINT,37.19,NEIGHBORHOOD,500 M TO 4KM,SLAMS,Al Dept Of Env Mgt,POPULATION EXPOSURE,Y,,10,
2023-09-22,010030010,3,5.7,Micrograms/cubic meter (LC),32,"FAIRHOPE, Alabama",1,100,88101,PM2.5 - Local Conditions,209,Met One BAM-1022 Mass Monitor w/ VSCC or TE-PM2.5C - Beta Attenuation,19300,"Daphne-Fairhope-Foley, AL",30.497478,-87.880258,POINT,37.19,NEIGHBORHOOD,500 M TO 4KM,SLAMS,Al Dept Of Env Mgt,POPULATION EXPOSURE,Y,,10,
2023-09-23,010030010,3,7,Micrograms/cubic meter (LC),39,"FAIRHOPE, Alabama",1,100,88101,PM2.5 - Local Conditions,209,Met One BAM-1022 Mass Monitor w/ VSCC or TE-PM2.5C - Beta Attenuation,19300,"Daphne-Fairhope-Foley, AL",30.497478,-87.880258,POINT,37.19,NEIGHBORHOOD,500 M TO 4KM,SLAMS,Al Dept Of Env Mgt,POPULATION EXPOSURE,Y,,10,
2023-09-24,010030010,3,7.2,Micrograms/cubic meter (LC),40,"FAIRHOPE, Alabama",1,100,88101,PM2.5 - Local Conditions,209,Met One BAM-1022 Mass Monitor w/ VSCC or TE-PM2.5C - Beta Attenuation,19300,"Daphne-Fairhope-Foley, AL",30.497478,-87.880258,POINT,37.19,NEIGHBORHOOD,500 M TO 4KM,SLAMS,Al Dept Of Env Mgt,POPULATION EXPOSURE,Y,,10,
2023-09-25,010030010,3,9.2,Micrograms/cubic meter (LC),51,"FAIRHOPE, Alabama",1,100,88101,PM2.5 - Local Conditions,209,Met One BAM-1022 Mass Monitor w/ VSCC or TE-PM2.5C - Beta Attenuation,19300,"Daphne-Fairhope-Foley, AL",30.497478,-87.880258,POINT,37.19,NEIGHBORHOOD,500 M TO 4KM,SLAMS,Al Dept Of Env Mgt,POPULATION EXPOSURE,Y,,10,
2023-09-26,010030010,3,8,Micrograms/cubic meter (LC),44,"FAIRHOPE, Alabama",1,100,88101,PM2.5 - Local Conditions,209,Met One BAM-1022 Mass Monitor w/ VSCC or TE-PM2.5C - Beta Attenuation,19300,"Daphne-Fairhope-Foley, AL",30.497478,-87.880258,POINT,37.19,NEIGHBORHOOD,500 M TO 4KM,SLAMS,Al Dept Of Env Mgt,POPULATION EXPOSURE,Y,,10,
2023-09-27,010030010,3,3.5,Micrograms/cubic meter (LC),19,"FAIRHOPE, Alabama",1,100,88101,PM2.5 - Local Conditions,209,Met One BAM-1022 Mass Monitor w/ VSCC or TE-PM2.5C - Beta Attenuation,19300,"Daphne-Fairhope-Foley, AL",30.497478,-87.880258,POINT,37.19,NEIGHBORHOOD,500 M TO 4KM,SLAMS,Al Dept Of Env Mgt,POPULATION EXPOSURE,Y,,10,
2023-09-28,010030010,3,4.1,Micrograms/cubic meter (LC),23,"FAIRHOPE, Alabama",1,100,88101,PM2.5 - Local Conditions,209,Met One BAM-1022 Mass Monitor w/ VSCC or TE-PM2.5C - Beta Attenuation,19300,"Daphne-Fairhope-Foley, AL",30.497478,-87.880258,POINT,37.19,NEIGHBORHOOD,500 M TO 4KM,SLAMS,Al Dept Of Env Mgt,POPULATION EXPOSURE,Y,,10,
2023-09-29,010030010,3,5,Micrograms/cubic meter (LC),28,"FAIRHOPE, Alabama",1,100,88101,PM2.5 - Local Conditions,209,Met One BAM-1022 Mass Monitor w/ VSCC or TE-PM2.5C - Beta Attenuation,19300,"Daphne-Fairhope-Foley, AL",30.497478,-87.880258,POINT,37.19,NEIGHBORHOOD,500 M TO 4KM,SLAMS,Al Dept Of Env Mgt,POPULATION EXPOSURE,Y,,10,
2023-09-30,010030010,3,4.8,Micrograms/cubic meter (LC),27,"FAIRHOPE, Alabama",1,100,88101,PM2.5 - Local Conditions,209,Met One BAM-1022 Mass Monitor w/ VSCC or TE-PM2.5C - Beta Attenuation,19300,"Daphne-Fairhope-Foley, AL",30.497478,-87.880258,POINT,37.19,NEIGHBORHOOD,500 M TO 4KM,SLAMS,Al Dept Of Env Mgt,POPULATION EXPOSURE,Y,,10,
2023-10-01,010030010,3,4.8,Micrograms/cubic meter (LC),27,"FAIRHOPE, Alabama",1,100,88101,PM2.5 - Local Conditions,209,Met One BAM-1022 Mass Monitor w/ VSCC or TE-PM2.5C - Beta Attenuation,19300,"Daphne-Fairhope-Foley, AL",30.497478,-87.880258,POINT,37.19,NEIGHBORHOOD,500 M TO 4KM,SLAMS,Al Dept Of Env Mgt,POPULATION EXPOSURE,Y,,10,
2023-10-02,010030010,3,3.1,Micrograms/cubic meter (LC),17,"FAIRHOPE, Alabama",1,100,88101,PM2.5 - Local Conditions,209,Met One BAM-1022 Mass Monitor w/ VSCC or TE-PM2.5C - Beta Attenuation,19300,"Daphne-Fairhope-Foley, AL",30.497478,-87.880258,POINT,37.19,NEIGHBORHOOD,500 M TO 4KM,SLAMS,Al Dept Of Env Mgt,POPULATION EXPOSURE,Y,,10,
2023-10-03,010030010,3,21.5,Micrograms/cubic meter (LC),74,"FAIRHOPE, Alabama",1,100,88101,PM2.5 - Local Conditions,209,Met One BAM-1022 Mass Monitor w/ VSCC or TE-PM2.5C - Beta Attenuation,19300,"Daphne-Fairhope-Foley, AL",30.497478,-87.880258,POINT,37.19,NEIGHBORHOOD,500 M TO 4KM,SLAMS,Al Dept Of Env Mgt,POPULATION EXPOSURE,Y,,10,
2023-10-04,010030010,3,27.9,Micrograms/cubic meter (LC),86,"FAIRHOPE, Alabama",1,100,88101,PM2.5 - Local Conditions,209,Met One BAM-1022 Mass Monitor w/ VSCC or TE-PM2.5C - Beta Attenuation,19300,"Daphne-Fairhope-Foley, AL",30.497478,-87.880258,POINT,37.19,NEIGHBORHOOD,500 M TO 4KM,SLAMS,Al Dept Of Env Mgt,POPULATION EXPOSURE,Y,,10,
2023-10-05,010030010,3,11.5,Micrograms/cubic meter (LC),55,"FAIRHOPE, Alabama",1,100,88101,PM2.5 - Local Conditions,209,Met One BAM-1022 Mass Monitor w/ VSCC or TE-PM2.5C - Beta Attenuation,19300,"Daphne-Fairhope-Foley, AL",30.497478,-87.880258,POINT,37.19,NEIGHBORHOOD,500 M TO 4KM,SLAMS,Al Dept Of Env Mgt,POPULATION EXPOSURE,Y,,10,
2023-10-06,010030010,3,8.5,Micrograms/cubic meter (LC),47,"FAIRHOPE, Alabama",1,100,88101,PM2.5 - Local Conditions,209,Met One BAM-1022 Mass Monitor w/ VSCC or TE-PM2.5C - Beta Attenuation,19300,"Daphne-Fairhope-Foley, AL",30.497478,-87.880258,POINT,37.19,NEIGHBORHOOD,500 M TO 4KM,SLAMS,Al Dept Of Env Mgt,POPULATION EXPOSURE,Y,,10,
2023-10-07,010030010,3,3.3,Micrograms/cubic meter (LC),18,"FAIRHOPE, Alabama",1,100,88101,PM2.5 - Local Conditions,209,Met One BAM-1022 Mass Monitor w/ VSCC or TE-PM2.5C - Beta Attenuation,19300,"Daphne-Fairhope-Foley, AL",30.497478,-87.880258,POINT,37.19,NEIGHBORHOOD,500 M TO 4KM,SLAMS,Al Dept Of Env Mgt,POPULATION EXPOSURE,Y,,10,
2023-10-08,010030010,3,2.3,Micrograms/cubic meter (LC),13,"FAIRHOPE, Alabama",1,100,88101,PM2.5 - Local Conditions,209,Met One BAM-1022 Mass Monitor w/ VSCC or TE-PM2.5C - Beta Attenuation,19300,"Daphne-Fairhope-Foley, AL",30.497478,-87.880258,POINT,37.19,NEIGHBORHOOD,500 M TO 4KM,SLAMS,Al Dept Of Env Mgt,POPULATION EXPOSURE,Y,,10,
2023-10-09,010030010,3,2,Micrograms/cubic meter (LC),11,"FAIRHOPE, Alabama",1,100,88101,PM2.5 - Local Conditions,209,Met One BAM-1022 Mass Monitor w/ VSCC or TE-PM2.5C - Beta Attenuation,19300,"Daphne-Fairhope-Foley, AL",30.497478,-87.880258,POINT,37.19,NEIGHBORHOOD,500 M TO 4KM,SLAMS,Al Dept Of Env Mgt,POPULATION EXPOSURE,Y,,10,
2023-10-10,010030010,3,4.4,Micrograms/cubic meter (LC),24,"FAIRHOPE, Alabama",1,100,88101,PM2.5 - Local Conditions,209,Met One BAM-1022 Mass Monitor w/ VSCC or TE-PM2.5C - Beta Attenuation,19300,"Daphne-Fairhope-Foley, AL",30.497478,-87.880258,POINT,37.19,NEIGHBORHOOD,500 M TO 4KM,SLAMS,Al Dept Of Env Mgt,POPULATION EXPOSURE,Y,,10,
2023-10-11,010030010,3,3,Micrograms/cubic meter (LC),17,"FAIRHOPE, Alabama",1,100,88101,PM2.5 - Local Conditions,209,Met One BAM-1022 Mass Monitor w/ VSCC or TE-PM2.5C - Beta Attenuation,19300,"Daphne-Fairhope-Foley, AL",30.497478,-87.880258,POINT,37.19,NEIGHBORHOOD,500 M TO 4KM,SLAMS,Al Dept Of Env Mgt,POPULATION EXPOSURE,Y,,10,
2023-10-12,010030010,3,0,Micrograms/cubic meter (LC),0,"FAIRHOPE, Alabama",1,100,88101,PM2.5 - Local Conditions,209,Met One BAM-1022 Mass Monitor w/ VSCC or TE-PM2.5C - Beta Attenuation,19300,"Daphne-Fairhope-Foley, AL",30.497478,-87.880258,POINT,37.19,NEIGHBORHOOD,500 M TO 4KM,SLAMS,Al Dept Of Env Mgt,POPULATION EXPOSURE,Y,,10,
2023-10-13,010030010,3,2.7,Micrograms/cubic meter (LC),15,"FAIRHOPE, Alabama",1,100,88101,PM2.5 - Local Conditions,209,Met One BAM-1022 Mass Monitor w/ VSCC or TE-PM2.5C - Beta Attenuation,19300,"Daphne-Fairhope-Foley, AL",30.497478,-87.880258,POINT,37.19,NEIGHBORHOOD,500 M TO 4KM,SLAMS,Al Dept Of Env Mgt,POPULATION EXPOSURE,Y,,10,
2023-10-14,010030010,3,4.4,Micrograms/cubic meter (LC),24,"FAIRHOPE, Alabama",1,100,88101,PM2.5 - Local Conditions,209,Met One BAM-1022 Mass Monitor w/ VSCC or TE-PM2.5C - Beta Attenuation,19300,"Daphne-Fairhope-Foley, AL",30.497478,-87.880258,POINT,37.19,NEIGHBORHOOD,500 M TO 4KM,SLAMS,Al Dept Of Env Mgt,POPULATION EXPOSURE,Y,,10,
2023-10-15,010030010,3,2.9,Micrograms/cubic meter (LC),16,"FAIRHOPE, Alabama",1,100,88101,PM2.5 - Local Conditions,209,Met One BAM-1022 Mass Monitor w/ VSCC or TE-PM2.5C - Beta Attenuation,19300,"Daphne-Fairhope-Foley, AL",30.497478,-87.880258,POINT,37.19,NEIGHBORHOOD,500 M TO 4KM,SLAMS,Al Dept Of Env Mgt,POPULATION EXPOSURE,Y,,10,
2023-10-16,010030010,3,0.8,Micrograms/cubic meter (LC),4,"FAIRHOPE, Alabama",1,100,88101,PM2.5 - Local Conditions,209,Met One BAM-1022 Mass Monitor w/ VSCC or TE-PM2.5C - Beta Attenuation,19300,"Daphne-Fairhope-Foley, AL",30.497478,-87.880258,POINT,37.19,NEIGHBORHOOD,500 M TO 4KM,SLAMS,Al Dept Of Env Mgt,POPULATION EXPOSURE,Y,,10,
2023-10-17,010030010,3,4,Micrograms/cubic meter (LC),22,"FAIRHOPE, Alabama",1,100,88101,PM2.5 - Local Conditions,209,Met One BAM-1022 Mass Monitor w/ VSCC or TE-PM2.5C - Beta Attenuation,19300,"Daphne-Fairhope-Foley, AL",30.497478,-87.880258,POINT,37.19,NEIGHBORHOOD,500 M TO 4KM,SLAMS,Al Dept Of Env Mgt,POPULATION EXPOSURE,Y,,10,
2023-10-18,010030010,3,7.3,Micrograms/cubic meter (LC),41,"FAIRHOPE, Alabama",1,100,88101,PM2.5 - Local Conditions,209,Met One BAM-1022 Mass Monitor w/ VSCC or TE-PM2.5C - Beta Attenuation,19300,"Daphne-Fairhope-Foley, AL",30.497478,-87.880258,POINT,37.19,NEIGHBORHOOD,500 M TO 4KM,SLAMS,Al Dept Of Env Mgt,POPULATION EXPOSURE,Y,,10,
2023-10-19,010030010,3,3.1,Micrograms/cubic meter (LC),17,"FAIRHOPE, Alabama",1,100,88101,PM2.5 - Local Conditions,209,Met One BAM-1022 Mass Monitor w/ VSCC or TE-PM2.5C - Beta Attenuation,19300,"Daphne-Fairhope-Foley, AL",30.497478,-87.880258,POINT,37.19,NEIGHBORHOOD,500 M TO 4KM,SLAMS,Al Dept Of Env Mgt,POPULATION EXPOSURE,Y,,10,
2023-10-20,010030010,3,4.6,Micrograms/cubic meter (LC),26,"FAIRHOPE, Alabama",1,100,88101,PM2.5 - Local Conditions,209,Met One BAM-1022 Mass Monitor w/ VSCC or TE-PM2.5C - Beta Attenuation,19300,"Daphne-Fairhope-Foley, AL",30.497478,-87.880258,POINT,37.19,NEIGHBORHOOD,500 M TO 4KM,SLAMS,Al Dept Of Env Mgt,POPULATION EXPOSURE,Y,,10,
2023-10-24,010030010,3,6,Micrograms/cubic meter (LC),33,"FAIRHOPE, Alabama",1,100,88101,PM2.5 - Local Conditions,209,Met One BAM-1022 Mass Monitor w/ VSCC or TE-PM2.5C - Beta Attenuation,19300,"Daphne-Fairhope-Foley, AL",30.497478,-87.880258,POINT,37.19,NEIGHBORHOOD,500 M TO 4KM,SLAMS,Al Dept Of Env Mgt,POPULATION EXPOSURE,Y,,10,
2023-10-25,010030010,3,3.6,Micrograms/cubic meter (LC),20,"FAIRHOPE, Alabama",1,100,88101,PM2.5 - Local Conditions,209,Met One BAM-1022 Mass Monitor w/ VSCC or TE-PM2.5C - Beta Attenuation,19300,"Daphne-Fairhope-Foley, AL",30.497478,-87.880258,POINT,37.19,NEIGHBORHOOD,500 M TO 4KM,SLAMS,Al Dept Of Env Mgt,POPULATION EXPOSURE,Y,,10,
2023-10-26,010030010,3,3.5,Micrograms/cubic meter (LC),19,"FAIRHOPE, Alabama",1,100,88101,PM2.5 - Local Conditions,209,Met One BAM-1022 Mass Monitor w/ VSCC or TE-PM2.5C - Beta Attenuation,19300,"Daphne-Fairhope-Foley, AL",30.497478,-87.880258,POINT,37.19,NEIGHBORHOOD,500 M TO 4KM,SLAMS,Al Dept Of Env Mgt,POPULATION EXPOSURE,Y,,10,
2023-10-27,010030010,3,2.4,Micrograms/cubic meter (LC),13,"FAIRHOPE, Alabama",1,100,88101,PM2.5 - Local Conditions,209,Met One BAM-1022 Mass Monitor w/ VSCC or TE-PM2.5C - Beta Attenuation,19300,"Daphne-Fairhope-Foley, AL",30.497478,-87.880258,POINT,37.19,NEIGHBORHOOD,500 M TO 4KM,SLAMS,Al Dept Of Env Mgt,POPULATION EXPOSURE,Y,,10,
2023-10-28,010030010,3,1.9,Micrograms/cubic meter (LC),11,"FAIRHOPE, Alabama",1,100,88101,PM2.5 - Local Conditions,209,Met One BAM-1022 Mass Monitor w/ VSCC or TE-PM2.5C - Beta Attenuation,19300,"Daphne-Fairhope-Foley, AL",30.497478,-87.880258,POINT,37.19,NEIGHBORHOOD,500 M TO 4KM,SLAMS,Al Dept Of Env Mgt,POPULATION EXPOSURE,Y,,10,
2023-10-29,010030010,3,2.2,Micrograms/cubic meter (LC),12,"FAIRHOPE, Alabama",1,100,88101,PM2.5 - Local Conditions,209,Met One BAM-1022 Mass Monitor w/ VSCC or TE-PM2.5C - Beta Attenuation,19300,"Daphne-Fairhope-Foley, AL",30.497478,-87.880258,POINT,37.19,NEIGHBORHOOD,500 M TO 4KM,SLAMS,Al Dept Of Env Mgt,POPULATION EXPOSURE,Y,,10,
2023-10-30,010030010,3,1.8,Micrograms/cubic meter (LC),10,"FAIRHOPE, Alabama",1,100,88101,PM2.5 - Local Conditions,209,Met One BAM-1022 Mass Monitor w/ VSCC or TE-PM2.5C - Beta Attenuation,19300,"Daphne-Fairhope-Foley, AL",30.497478,-87.880258,POINT,37.19,NEIGHBORHOOD,500 M TO 4KM,SLAMS,Al Dept Of Env Mgt,POPULATION EXPOSURE,Y,,10,
2023-10-31,010030010,3,2.1,Micrograms/cubic meter (LC),12,"FAIRHOPE, Alabama",1,100,88101,PM2.5 - Local Conditions,209,Met One BAM-1022 Mass Monitor w/ VSCC or TE-PM2.5C - Beta Attenuation,19300,"Daphne-Fairhope-Foley, AL",30.497478,-87.880258,POINT,37.19,NEIGHBORHOOD,500 M TO 4KM,SLAMS,Al Dept Of Env Mgt,POPULATION EXPOSURE,Y,,10,
2023-11-01,010030010,3,2.6,Micrograms/cubic meter (LC),14,"FAIRHOPE, Alabama",1,100,88101,PM2.5 - Local Conditions,209,Met One BAM-1022 Mass Monitor w/ VSCC or TE-PM2.5C - Beta Attenuation,19300,"Daphne-Fairhope-Foley, AL",30.497478,-87.880258,POINT,37.19,NEIGHBORHOOD,500 M TO 4KM,SLAMS,Al Dept Of Env Mgt,POPULATION EXPOSURE,Y,,10,
2023-11-02,010030010,3,5.3,Micrograms/cubic meter (LC),29,"FAIRHOPE, Alabama",1,100,88101,PM2.5 - Local Conditions,209,Met One BAM-1022 Mass Monitor w/ VSCC or TE-PM2.5C - Beta Attenuation,19300,"Daphne-Fairhope-Foley, AL",30.497478,-87.880258,POINT,37.19,NEIGHBORHOOD,500 M TO 4KM,SLAMS,Al Dept Of Env Mgt,POPULATION EXPOSURE,Y,,10,
2023-11-03,010030010,3,5.2,Micrograms/cubic meter (LC),29,"FAIRHOPE, Alabama",1,100,88101,PM2.5 - Local Conditions,209,Met One BAM-1022 Mass Monitor w/ VSCC or TE-PM2.5C - Beta Attenuation,19300,"Daphne-Fairhope-Foley, AL",30.497478,-87.880258,POINT,37.19,NEIGHBORHOOD,500 M TO 4KM,SLAMS,Al Dept Of Env Mgt,POPULATION EXPOSURE,Y,,10,
2023-11-04,010030010,3,6.2,Micrograms/cubic meter (LC),34,"FAIRHOPE, Alabama",1,100,88101,PM2.5 - Local Conditions,209,Met One BAM-1022 Mass Monitor w/ VSCC or TE-PM2.5C - Beta Attenuation,19300,"Daphne-Fairhope-Foley, AL",30.497478,-87.880258,POINT,37.19,NEIGHBORHOOD,500 M TO 4KM,SLAMS,Al Dept Of Env Mgt,POPULATION EXPOSURE,Y,,10,
2023-11-05,010030010,3,7.2,Micrograms/cubic meter (LC),40,"FAIRHOPE, Alabama",1,100,88101,PM2.5 - Local Conditions,209,Met One BAM-1022 Mass Monitor w/ VSCC or TE-PM2.5C - Beta Attenuation,19300,"Daphne-Fairhope-Foley, AL",30.497478,-87.880258,POINT,37.19,NEIGHBORHOOD,500 M TO 4KM,SLAMS,Al Dept Of Env Mgt,POPULATION EXPOSURE,Y,,10,
2023-11-06,010030010,3,29.2,Micrograms/cubic meter (LC),88,"FAIRHOPE, Alabama",1,100,88101,PM2.5 - Local Conditions,209,Met One BAM-1022 Mass Monitor w/ VSCC or TE-PM2.5C - Beta Attenuation,19300,"Daphne-Fairhope-Foley, AL",30.497478,-87.880258,POINT,37.19,NEIGHBORHOOD,500 M TO 4KM,SLAMS,Al Dept Of Env Mgt,POPULATION EXPOSURE,Y,,10,
2023-11-07,010030010,3,6.6,Micrograms/cubic meter (LC),37,"FAIRHOPE, Alabama",1,100,88101,PM2.5 - Local Conditions,209,Met One BAM-1022 Mass Monitor w/ VSCC or TE-PM2.5C - Beta Attenuation,19300,"Daphne-Fairhope-Foley, AL",30.497478,-87.880258,POINT,37.19,NEIGHBORHOOD,500 M TO 4KM,SLAMS,Al Dept Of Env Mgt,POPULATION EXPOSURE,Y,,10,
2023-11-08,010030010,3,3.7,Micrograms/cubic meter (LC),21,"FAIRHOPE, Alabama",1,100,88101,PM2.5 - Local Conditions,209,Met One BAM-1022 Mass Monitor w/ VSCC or TE-PM2.5C - Beta Attenuation,19300,"Daphne-Fairhope-Foley, AL",30.497478,-87.880258,POINT,37.19,NEIGHBORHOOD,500 M TO 4KM,SLAMS,Al Dept Of Env Mgt,POPULATION EXPOSURE,Y,,10,
2023-11-09,010030010,3,3.8,Micrograms/cubic meter (LC),21,"FAIRHOPE, Alabama",1,100,88101,PM2.5 - Local Conditions,209,Met One BAM-1022 Mass Monitor w/ VSCC or TE-PM2.5C - Beta Attenuation,19300,"Daphne-Fairhope-Foley, AL",30.497478,-87.880258,POINT,37.19,NEIGHBORHOOD,500 M TO 4KM,SLAMS,Al Dept Of Env Mgt,POPULATION EXPOSURE,Y,,10,
2023-11-10,010030010,3,4.9,Micrograms/cubic meter (LC),27,"FAIRHOPE, Alabama",1,100,88101,PM2.5 - Local Conditions,209,Met One BAM-1022 Mass Monitor w/ VSCC or TE-PM2.5C - Beta Attenuation,19300,"Daphne-Fairhope-Foley, AL",30.497478,-87.880258,POINT,37.19,NEIGHBORHOOD,500 M TO 4KM,SLAMS,Al Dept Of Env Mgt,POPULATION EXPOSURE,Y,,10,
2023-11-11,010030010,3,5.9,Micrograms/cubic meter (LC),33,"FAIRHOPE, Alabama",1,100,88101,PM2.5 - Local Conditions,209,Met One BAM-1022 Mass Monitor w/ VSCC or TE-PM2.5C - Beta Attenuation,19300,"Daphne-Fairhope-Foley, AL",30.497478,-87.880258,POINT,37.19,NEIGHBORHOOD,500 M TO 4KM,SLAMS,Al Dept Of Env Mgt,POPULATION EXPOSURE,Y,,10,
2023-11-12,010030010,3,7.4,Micrograms/cubic meter (LC),41,"FAIRHOPE, Alabama",1,100,88101,PM2.5 - Local Conditions,209,Met One BAM-1022 Mass Monitor w/ VSCC or TE-PM2.5C - Beta Attenuation,19300,"Daphne-Fairhope-Foley, AL",30.497478,-87.880258,POINT,37.19,NEIGHBORHOOD,500 M TO 4KM,SLAMS,Al Dept Of Env Mgt,POPULATION EXPOSURE,Y,,10,
2023-11-13,010030010,3,6.7,Micrograms/cubic meter (LC),37,"FAIRHOPE, Alabama",1,100,88101,PM2.5 - Local Conditions,209,Met One BAM-1022 Mass Monitor w/ VSCC or TE-PM2.5C - Beta Attenuation,19300,"Daphne-Fairhope-Foley, AL",30.497478,-87.880258,POINT,37.19,NEIGHBORHOOD,500 M TO 4KM,SLAMS,Al Dept Of Env Mgt,POPULATION EXPOSURE,Y,,10,
2023-11-14,010030010,3,5.1,Micrograms/cubic meter (LC),28,"FAIRHOPE, Alabama",1,100,88101,PM2.5 - Local Conditions,209,Met One BAM-1022 Mass Monitor w/ VSCC or TE-PM2.5C - Beta Attenuation,19300,"Daphne-Fairhope-Foley, AL",30.497478,-87.880258,POINT,37.19,NEIGHBORHOOD,500 M TO 4KM,SLAMS,Al Dept Of Env Mgt,POPULATION EXPOSURE,Y,,10,
2023-11-15,010030010,3,2.8,Micrograms/cubic meter (LC),16,"FAIRHOPE, Alabama",1,100,88101,PM2.5 - Local Conditions,209,Met One BAM-1022 Mass Monitor w/ VSCC or TE-PM2.5C - Beta Attenuation,19300,"Daphne-Fairhope-Foley, AL",30.497478,-87.880258,POINT,37.19,NEIGHBORHOOD,500 M TO 4KM,SLAMS,Al Dept Of Env Mgt,POPULATION EXPOSURE,Y,,10,
2023-11-16,010030010,3,3.9,Micrograms/cubic meter (LC),22,"FAIRHOPE, Alabama",1,100,88101,PM2.5 - Local Conditions,209,Met One BAM-1022 Mass Monitor w/ VSCC or TE-PM2.5C - Beta Attenuation,19300,"Daphne-Fairhope-Foley, AL",30.497478,-87.880258,POINT,37.19,NEIGHBORHOOD,500 M TO 4KM,SLAMS,Al Dept Of Env Mgt,POPULATION EXPOSURE,Y,,10,
2023-11-17,010030010,3,5.3,Micrograms/cubic meter (LC),29,"FAIRHOPE, Alabama",1,100,88101,PM2.5 - Local Conditions,209,Met One BAM-1022 Mass Monitor w/ VSCC or TE-PM2.5C - Beta Attenuation,19300,"Daphne-Fairhope-Foley, AL",30.497478,-87.880258,POINT,37.19,NEIGHBORHOOD,500 M TO 4KM,SLAMS,Al Dept Of Env Mgt,POPULATION EXPOSURE,Y,,10,
2023-11-18,010030010,3,5,Micrograms/cubic meter (LC),28,"FAIRHOPE, Alabama",1,100,88101,PM2.5 - Local Conditions,209,Met One BAM-1022 Mass Monitor w/ VSCC or TE-PM2.5C - Beta Attenuation,19300,"Daphne-Fairhope-Foley, AL",30.497478,-87.880258,POINT,37.19,NEIGHBORHOOD,500 M TO 4KM,SLAMS,Al Dept Of Env Mgt,POPULATION EXPOSURE,Y,,10,
2023-11-19,010030010,3,6.4,Micrograms/cubic meter (LC),36,"FAIRHOPE, Alabama",1,100,88101,PM2.5 - Local Conditions,209,Met One BAM-1022 Mass Monitor w/ VSCC or TE-PM2.5C - Beta Attenuation,19300,"Daphne-Fairhope-Foley, AL",30.497478,-87.880258,POINT,37.19,NEIGHBORHOOD,500 M TO 4KM,SLAMS,Al Dept Of Env Mgt,POPULATION EXPOSURE,Y,,10,
2023-11-20,010030010,3,7.8,Micrograms/cubic meter (LC),43,"FAIRHOPE, Alabama",1,100,88101,PM2.5 - Local Conditions,209,Met One BAM-1022 Mass Monitor w/ VSCC or TE-PM2.5C - Beta Attenuation,19300,"Daphne-Fairhope-Foley, AL",30.497478,-87.880258,POINT,37.19,NEIGHBORHOOD,500 M TO 4KM,SLAMS,Al Dept Of Env Mgt,POPULATION EXPOSURE,Y,,10,
2023-11-21,010030010,3,3.3,Micrograms/cubic meter (LC),18,"FAIRHOPE, Alabama",1,100,88101,PM2.5 - Local Conditions,209,Met One BAM-1022 Mass Monitor w/ VSCC or TE-PM2.5C - Beta Attenuation,19300,"Daphne-Fairhope-Foley, AL",30.497478,-87.880258,POINT,37.19,NEIGHBORHOOD,500 M TO 4KM,SLAMS,Al Dept Of Env Mgt,POPULATION EXPOSURE,Y,,10,
2023-11-22,010030010,3,2.4,Micrograms/cubic meter (LC),13,"FAIRHOPE, Alabama",1,100,88101,PM2.5 - Local Conditions,209,Met One BAM-1022 Mass Monitor w/ VSCC or TE-PM2.5C - Beta Attenuation,19300,"Daphne-Fairhope-Foley, AL",30.497478,-87.880258,POINT,37.19,NEIGHBORHOOD,500 M TO 4KM,SLAMS,Al Dept Of Env Mgt,POPULATION EXPOSURE,Y,,10,
2023-11-23,010030010,3,8.8,Micrograms/cubic meter (LC),49,"FAIRHOPE, Alabama",1,100,88101,PM2.5 - Local Conditions,209,Met One BAM-1022 Mass Monitor w/ VSCC or TE-PM2.5C - Beta Attenuation,19300,"Daphne-Fairhope-Foley, AL",30.497478,-87.880258,POINT,37.19,NEIGHBORHOOD,500 M TO 4KM,SLAMS,Al Dept Of Env Mgt,POPULATION EXPOSURE,Y,,10,
2023-11-24,010030010,3,6.7,Micrograms/cubic meter (LC),37,"FAIRHOPE, Alabama",1,100,88101,PM2.5 - Local Conditions,209,Met One BAM-1022 Mass Monitor w/ VSCC or TE-PM2.5C - Beta Attenuation,19300,"Daphne-Fairhope-Foley, AL",30.497478,-87.880258,POINT,37.19,NEIGHBORHOOD,500 M TO 4KM,SLAMS,Al Dept Of Env Mgt,POPULATION EXPOSURE,Y,,10,
2023-11-25,010030010,3,6.9,Micrograms/cubic meter (LC),38,"FAIRHOPE, Alabama",1,100,88101,PM2.5 - Local Conditions,209,Met One BAM-1022 Mass Monitor w/ VSCC or TE-PM2.5C - Beta Attenuation,19300,"Daphne-Fairhope-Foley, AL",30.497478,-87.880258,POINT,37.19,NEIGHBORHOOD,500 M TO 4KM,SLAMS,Al Dept Of Env Mgt,POPULATION EXPOSURE,Y,,10,
2023-11-26,010030010,3,3.3,Micrograms/cubic meter (LC),18,"FAIRHOPE, Alabama",1,100,88101,PM2.5 - Local Conditions,209,Met One BAM-1022 Mass Monitor w/ VSCC or TE-PM2.5C - Beta Attenuation,19300,"Daphne-Fairhope-Foley, AL",30.497478,-87.880258,POINT,37.19,NEIGHBORHOOD,500 M TO 4KM,SLAMS,Al Dept Of Env Mgt,POPULATION EXPOSURE,Y,,10,
2023-11-27,010030010,3,2.4,Micrograms/cubic meter (LC),13,"FAIRHOPE, Alabama",1,100,88101,PM2.5 - Local Conditions,209,Met One BAM-1022 Mass Monitor w/ VSCC or TE-PM2.5C - Beta Attenuation,19300,"Daphne-Fairhope-Foley, AL",30.497478,-87.880258,POINT,37.19,NEIGHBORHOOD,500 M TO 4KM,SLAMS,Al Dept Of Env Mgt,POPULATION EXPOSURE,Y,,10,
2023-11-28,010030010,3,2.7,Micrograms/cubic meter (LC),15,"FAIRHOPE, Alabama",1,100,88101,PM2.5 - Local Conditions,209,Met One BAM-1022 Mass Monitor w/ VSCC or TE-PM2.5C - Beta Attenuation,19300,"Daphne-Fairhope-Foley, AL",30.497478,-87.880258,POINT,37.19,NEIGHBORHOOD,500 M TO 4KM,SLAMS,Al Dept Of Env Mgt,POPULATION EXPOSURE,Y,,10,
2023-11-29,010030010,3,6.2,Micrograms/cubic meter (LC),34,"FAIRHOPE, Alabama",1,100,88101,PM2.5 - Local Conditions,209,Met One BAM-1022 Mass Monitor w/ VSCC or TE-PM2.5C - Beta Attenuation,19300,"Daphne-Fairhope-Foley, AL",30.497478,-87.880258,POINT,37.19,NEIGHBORHOOD,500 M TO 4KM,SLAMS,Al Dept Of Env Mgt,POPULATION EXPOSURE,Y,,10,
2023-11-30,010030010,3,11.9,Micrograms/cubic meter (LC),56,"FAIRHOPE, Alabama",1,100,88101,PM2.5 - Local Conditions,209,Met One BAM-1022 Mass Monitor w/ VSCC or TE-PM2.5C - Beta Attenuation,19300,"Daphne-Fairhope-Foley, AL",30.497478,-87.880258,POINT,37.19,NEIGHBORHOOD,500 M TO 4KM,SLAMS,Al Dept Of Env Mgt,POPULATION EXPOSURE,Y,,10,
2023-12-01,010030010,3,5,Micrograms/cubic meter (LC),28,"FAIRHOPE, Alabama",1,100,88101,PM2.5 - Local Conditions,209,Met One BAM-1022 Mass Monitor w/ VSCC or TE-PM2.5C - Beta Attenuation,19300,"Daphne-Fairhope-Foley, AL",30.497478,-87.880258,POINT,37.19,NEIGHBORHOOD,500 M TO 4KM,SLAMS,Al Dept Of Env Mgt,POPULATION EXPOSURE,Y,,10,
2023-12-02,010030010,3,1.4,Micrograms/cubic meter (LC),8,"FAIRHOPE, Alabama",1,100,88101,PM2.5 - Local Conditions,209,Met One BAM-1022 Mass Monitor w/ VSCC or TE-PM2.5C - Beta Attenuation,19300,"Daphne-Fairhope-Foley, AL",30.497478,-87.880258,POINT,37.19,NEIGHBORHOOD,500 M TO 4KM,SLAMS,Al Dept Of Env Mgt,POPULATION EXPOSURE,Y,,10,
2023-12-03,010030010,3,2.2,Micrograms/cubic meter (LC),12,"FAIRHOPE, Alabama",1,100,88101,PM2.5 - Local Conditions,209,Met One BAM-1022 Mass Monitor w/ VSCC or TE-PM2.5C - Beta Attenuation,19300,"Daphne-Fairhope-Foley, AL",30.497478,-87.880258,POINT,37.19,NEIGHBORHOOD,500 M TO 4KM,SLAMS,Al Dept Of Env Mgt,POPULATION EXPOSURE,Y,,10,
2023-12-04,010030010,3,7.5,Micrograms/cubic meter (LC),42,"FAIRHOPE, Alabama",1,100,88101,PM2.5 - Local Conditions,209,Met One BAM-1022 Mass Monitor w/ VSCC or TE-PM2.5C - Beta Attenuation,19300,"Daphne-Fairhope-Foley, AL",30.497478,-87.880258,POINT,37.19,NEIGHBORHOOD,500 M TO 4KM,SLAMS,Al Dept Of Env Mgt,POPULATION EXPOSURE,Y,,10,
2023-12-05,010030010,3,3.8,Micrograms/cubic meter (LC),21,"FAIRHOPE, Alabama",1,100,88101,PM2.5 - Local Conditions,209,Met One BAM-1022 Mass Monitor w/ VSCC or TE-PM2.5C - Beta Attenuation,19300,"Daphne-Fairhope-Foley, AL",30.497478,-87.880258,POINT,37.19,NEIGHBORHOOD,500 M TO 4KM,SLAMS,Al Dept Of Env Mgt,POPULATION EXPOSURE,Y,,10,
2023-12-06,010030010,3,4.2,Micrograms/cubic meter (LC),23,"FAIRHOPE, Alabama",1,100,88101,PM2.5 - Local Conditions,209,Met One BAM-1022 Mass Monitor w/ VSCC or TE-PM2.5C - Beta Attenuation,19300,"Daphne-Fairhope-Foley, AL",30.497478,-87.880258,POINT,37.19,NEIGHBORHOOD,500 M TO 4KM,SLAMS,Al Dept Of Env Mgt,POPULATION EXPOSURE,Y,,10,
2023-12-07,010030010,3,8.3,Micrograms/cubic meter (LC),46,"FAIRHOPE, Alabama",1,100,88101,PM2.5 - Local Conditions,209,Met One BAM-1022 Mass Monitor w/ VSCC or TE-PM2.5C - Beta Attenuation,19300,"Daphne-Fairhope-Foley, AL",30.497478,-87.880258,POINT,37.19,NEIGHBORHOOD,500 M TO 4KM,SLAMS,Al Dept Of Env Mgt,POPULATION EXPOSURE,Y,,10,
2023-12-08,010030010,3,5.5,Micrograms/cubic meter (LC),31,"FAIRHOPE, Alabama",1,100,88101,PM2.5 - Local Conditions,209,Met One BAM-1022 Mass Monitor w/ VSCC or TE-PM2.5C - Beta Attenuation,19300,"Daphne-Fairhope-Foley, AL",30.497478,-87.880258,POINT,37.19,NEIGHBORHOOD,500 M TO 4KM,SLAMS,Al Dept Of Env Mgt,POPULATION EXPOSURE,Y,,10,
2023-12-09,010030010,3,4.1,Micrograms/cubic meter (LC),23,"FAIRHOPE, Alabama",1,100,88101,PM2.5 - Local Conditions,209,Met One BAM-1022 Mass Monitor w/ VSCC or TE-PM2.5C - Beta Attenuation,19300,"Daphne-Fairhope-Foley, AL",30.497478,-87.880258,POINT,37.19,NEIGHBORHOOD,500 M TO 4KM,SLAMS,Al Dept Of Env Mgt,POPULATION EXPOSURE,Y,,10,
2023-12-10,010030010,3,0.8,Micrograms/cubic meter (LC),4,"FAIRHOPE, Alabama",1,100,88101,PM2.5 - Local Conditions,209,Met One BAM-1022 Mass Monitor w/ VSCC or TE-PM2.5C - Beta Attenuation,19300,"Daphne-Fairhope-Foley, AL",30.497478,-87.880258,POINT,37.19,NEIGHBORHOOD,500 M TO 4KM,SLAMS,Al Dept Of Env Mgt,POPULATION EXPOSURE,Y,,10,
2023-12-11,010030010,3,3.7,Micrograms/cubic meter (LC),21,"FAIRHOPE, Alabama",1,100,88101,PM2.5 - Local Conditions,209,Met One BAM-1022 Mass Monitor w/ VSCC or TE-PM2.5C - Beta Attenuation,19300,"Daphne-Fairhope-Foley, AL",30.497478,-87.880258,POINT,37.19,NEIGHBORHOOD,500 M TO 4KM,SLAMS,Al Dept Of Env Mgt,POPULATION EXPOSURE,Y,,10,
2023-12-12,010030010,3,5.4,Micrograms/cubic meter (LC),30,"FAIRHOPE, Alabama",1,100,88101,PM2.5 - Local Conditions,209,Met One BAM-1022 Mass Monitor w/ VSCC or TE-PM2.5C - Beta Attenuation,19300,"Daphne-Fairhope-Foley, AL",30.497478,-87.880258,POINT,37.19,NEIGHBORHOOD,500 M TO 4KM,SLAMS,Al Dept Of Env Mgt,POPULATION EXPOSURE,Y,,10,
2023-12-13,010030010,3,10.2,Micrograms/cubic meter (LC),53,"FAIRHOPE, Alabama",1,100,88101,PM2.5 - Local Conditions,209,Met One BAM-1022 Mass Monitor w/ VSCC or TE-PM2.5C - Beta Attenuation,19300,"Daphne-Fairhope-Foley, AL",30.497478,-87.880258,POINT,37.19,NEIGHBORHOOD,500 M TO 4KM,SLAMS,Al Dept Of Env Mgt,POPULATION EXPOSURE,Y,,10,
2023-12-14,010030010,3,4.8,Micrograms/cubic meter (LC),27,"FAIRHOPE, Alabama",1,100,88101,PM2.5 - Local Conditions,209,Met One BAM-1022 Mass Monitor w/ VSCC or TE-PM2.5C - Beta Attenuation,19300,"Daphne-Fairhope-Foley, AL",30.497478,-87.880258,POINT,37.19,NEIGHBORHOOD,500 M TO 4KM,SLAMS,Al Dept Of Env Mgt,POPULATION EXPOSURE,Y,,10,
2023-12-15,010030010,3,5.4,Micrograms/cubic meter (LC),30,"FAIRHOPE, Alabama",1,100,88101,PM2.5 - Local Conditions,209,Met One BAM-1022 Mass Monitor w/ VSCC or TE-PM2.5C - Beta Attenuation,19300,"Daphne-Fairhope-Foley, AL",30.497478,-87.880258,POINT,37.19,NEIGHBORHOOD,500 M TO 4KM,SLAMS,Al Dept Of Env Mgt,POPULATION EXPOSURE,Y,,10,
2023-12-16,010030010,3,6.1,Micrograms/cubic meter (LC),34,"FAIRHOPE, Alabama",1,100,88101,PM2.5 - Local Conditions,209,Met One BAM-1022 Mass Monitor w/ VSCC or TE-PM2.5C - Beta Attenuation,19300,"Daphne-Fairhope-Foley, AL",30.497478,-87.880258,POINT,37.19,NEIGHBORHOOD,500 M TO 4KM,SLAMS,Al Dept Of Env Mgt,POPULATION EXPOSURE,Y,,10,
2023-12-17,010030010,3,3.2,Micrograms/cubic meter (LC),18,"FAIRHOPE, Alabama",1,100,88101,PM2.5 - Local Conditions,209,Met One BAM-1022 Mass Monitor w/ VSCC or TE-PM2.5C - Beta Attenuation,19300,"Daphne-Fairhope-Foley, AL",30.497478,-87.880258,POINT,37.19,NEIGHBORHOOD,500 M TO 4KM,SLAMS,Al Dept Of Env Mgt,POPULATION EXPOSURE,Y,,10,
2023-12-18,010030010,3,2.9,Micrograms/cubic meter (LC),16,"FAIRHOPE, Alabama",1,100,88101,PM2.5 - Local Conditions,209,Met One BAM-1022 Mass Monitor w/ VSCC or TE-PM2.5C - Beta Attenuation,19300,"Daphne-Fairhope-Foley, AL",30.497478,-87.880258,POINT,37.19,NEIGHBORHOOD,500 M TO 4KM,SLAMS,Al Dept Of Env Mgt,POPULATION EXPOSURE,Y,,10,
2023-12-19,010030010,3,11.9,Micrograms/cubic meter (LC),56,"FAIRHOPE, Alabama",1,100,88101,PM2.5 - Local Conditions,209,Met One BAM-1022 Mass Monitor w/ VSCC or TE-PM2.5C - Beta Attenuation,19300,"Daphne-Fairhope-Foley, AL",30.497478,-87.880258,POINT,37.19,NEIGHBORHOOD,500 M TO 4KM,SLAMS,Al Dept Of Env Mgt,POPULATION EXPOSURE,Y,,10,
2023-12-20,010030010,3,8.6,Micrograms/cubic meter (LC),48,"FAIRHOPE, Alabama",1,100,88101,PM2.5 - Local Conditions,209,Met One BAM-1022 Mass Monitor w/ VSCC or TE-PM2.5C - Beta Attenuation,19300,"Daphne-Fairhope-Foley, AL",30.497478,-87.880258,POINT,37.19,NEIGHBORHOOD,500 M TO 4KM,SLAMS,Al Dept Of Env Mgt,POPULATION EXPOSURE,Y,,10,
2023-12-21,010030010,3,7.9,Micrograms/cubic meter (LC),44,"FAIRHOPE, Alabama",1,100,88101,PM2.5 - Local Conditions,209,Met One BAM-1022 Mass Monitor w/ VSCC or TE-PM2.5C - Beta Attenuation,19300,"Daphne-Fairhope-Foley, AL",30.497478,-87.880258,POINT,37.19,NEIGHBORHOOD,500 M TO 4KM,SLAMS,Al Dept Of Env Mgt,POPULATION EXPOSURE,Y,,10,
2023-12-22,010030010,3,8.4,Micrograms/cubic meter (LC),47,"FAIRHOPE, Alabama",1,100,88101,PM2.5 - Local Conditions,209,Met One BAM-1022 Mass Monitor w/ VSCC or TE-PM2.5C - Beta Attenuation,19300,"Daphne-Fairhope-Foley, AL",30.497478,-87.880258,POINT,37.19,NEIGHBORHOOD,500 M TO 4KM,SLAMS,Al Dept Of Env Mgt,POPULATION EXPOSURE,Y,,10,
2023-12-23,010030010,3,9.1,Micrograms/cubic meter (LC),51,"FAIRHOPE, Alabama",1,100,88101,PM2.5 - Local Conditions,209,Met One BAM-1022 Mass Monitor w/ VSCC or TE-PM2.5C - Beta Attenuation,19300,"Daphne-Fairhope-Foley, AL",30.497478,-87.880258,POINT,37.19,NEIGHBORHOOD,500 M TO 4KM,SLAMS,Al Dept Of Env Mgt,POPULATION EXPOSURE,Y,,10,
2023-12-24,010030010,3,3.7,Micrograms/cubic meter (LC),21,"FAIRHOPE, Alabama",1,100,88101,PM2.5 - Local Conditions,209,Met One BAM-1022 Mass Monitor w/ VSCC or TE-PM2.5C - Beta Attenuation,19300,"Daphne-Fairhope-Foley, AL",30.497478,-87.880258,POINT,37.19,NEIGHBORHOOD,500 M TO 4KM,SLAMS,Al Dept Of Env Mgt,POPULATION EXPOSURE,Y,,10,
2023-12-25,010030010,3,1.9,Micrograms/cubic meter (LC),11,"FAIRHOPE, Alabama",1,100,88101,PM2.5 - Local Conditions,209,Met One BAM-1022 Mass Monitor w/ VSCC or TE-PM2.5C - Beta Attenuation,19300,"Daphne-Fairhope-Foley, AL",30.497478,-87.880258,POINT,37.19,NEIGHBORHOOD,500 M TO 4KM,SLAMS,Al Dept Of Env Mgt,POPULATION EXPOSURE,Y,,10,
2023-12-26,010030010,3,3.2,Micrograms/cubic meter (LC),18,"FAIRHOPE, Alabama",1,100,88101,PM2.5 - Local Conditions,209,Met One BAM-1022 Mass Monitor w/ VSCC or TE-PM2.5C - Beta Attenuation,19300,"Daphne-Fairhope-Foley, AL",30.497478,-87.880258,POINT,37.19,NEIGHBORHOOD,500 M TO 4KM,SLAMS,Al Dept Of Env Mgt,POPULATION EXPOSURE,Y,,10,
